[INFO] 19-02-2025 09:24:57 [main] [LogUtils] - Requesting inbox for domain: private
[ERROR] 19-02-2025 09:24:57 [main] [LogUtils] - Exception occurred while retrieving mail URL: Cannot invoke "com.aventstack.extentreports.ExtentTest.pass(String)" because the return value of "com.assured.report.ExtentTestManager.getExtentTest()" is null
[INFO] 19-02-2025 10:10:20 [main] [LogUtils] - Requesting inbox for domain: private
[INFO] 19-02-2025 10:10:24 [main] [LogUtils] - Inbox received with 1 messages
[INFO] 19-02-2025 10:10:24 [main] [LogUtils] - Found message with id: abc-1738505275-0961552951903 and subject: Onboarding Invite
[WARN] 19-02-2025 10:10:24 [main] [LogUtils] - No URL found in subject. Trying links API for message id: abc-1738505275-0961552951903
[INFO] 19-02-2025 10:10:24 [main] [LogUtils] - Retrieved URL from links API: https://u24054449.ct.sendgrid.net/ls/click?upn=u001.uKTWfX-2BO7Cb7TshAM6sZKbEPm9EMqm9C4ZEtr6uuLun9WzqgtnF82p3mwtRkl8l6kvdK8O79Pbe-2By3oL-2FOovgZm-2F4-2Fnu-2BaaY0QoP5Ooc3tRSHx5vWjOJhGFMoi4HPTZo-2BV26ZaUI5Qertnmtqx5URRmhLTPPX99T9SXxCmCfy0GC-2Fkt0tjJ0nKB19zuNsmhTi-2BuXkZ0k-2FP1AsgNUawbHw6ksuyIhr2SsaxVeD3n8PfU-3DKfdz_wpqQ2WcS-2FTzgSrvxM8UHDetjfCFgHfuIxVzML9eO2lwIPoEyH273FaJ0jkibRH-2Fhp4JWwSnIOL8-2FTbIemxt55uAEtKCZjInqzCnGvMAJJu0MvXNa0-2B0-2BjtAPFPxKlf1xv5OhjeeVotA3bMBtsE2ZsuMpJoxywsjrLYU9DaOdYtdIiDBrnoAzyUm8otudlfVn9uIUOAR2VRe6IUgL7E65IVkuvbusgIOKR8TwkMaeN4HFFdJDsq4GsIeCtWUMtyI95-2F2XuZSM4fdbjMKd-2F6aN8cU6kxRxWAR3D5e-2FGDU7C4FfQVzlqwiWESVTJboLzgn0a0C05VGe3pk30EvUsTshX5dNLOC4lwUYoTRfFA6xtl2jVKo-2Fs3QKljwkkEGfCHe2xP-2FPBAXb39g9tIl3lIXs15NwsP1N7s-2BnAQibrbYNnPRSAshWgUMUvs2yHs5utay0whZyBMCheJ1QN8zhVOBlLQ-3D-3D
[INFO] 19-02-2025 10:21:56 [main] [LogUtils] - Creating Playwright instance using factory method...
[INFO] 19-02-2025 10:23:53 [main] [LogUtils] - Warning !! Can not Load All File.
[INFO] 19-02-2025 10:23:58 [main] [LogUtils] - Page instance created: com.microsoft.playwright.impl.PageImpl@203e705e
[INFO] 19-02-2025 10:23:59 [main] [LogUtils] - Requesting inbox for domain: private
[INFO] 19-02-2025 10:24:03 [main] [LogUtils] - Inbox received with 1 messages
[INFO] 19-02-2025 10:24:03 [main] [LogUtils] - Found message with id: abc-1738505275-0961552951903 and subject: Onboarding Invite
[WARN] 19-02-2025 10:24:03 [main] [LogUtils] - No URL found in subject. Trying links API for message id: abc-1738505275-0961552951903
[INFO] 19-02-2025 10:24:04 [main] [LogUtils] - Retrieved URL from links API: https://u24054449.ct.sendgrid.net/ls/click?upn=u001.uKTWfX-2BO7Cb7TshAM6sZKbEPm9EMqm9C4ZEtr6uuLun9WzqgtnF82p3mwtRkl8l6kvdK8O79Pbe-2By3oL-2FOovgZm-2F4-2Fnu-2BaaY0QoP5Ooc3tRSHx5vWjOJhGFMoi4HPTZo-2BV26ZaUI5Qertnmtqx5URRmhLTPPX99T9SXxCmCfy0GC-2Fkt0tjJ0nKB19zuNsmhTi-2BuXkZ0k-2FP1AsgNUawbHw6ksuyIhr2SsaxVeD3n8PfU-3DKfdz_wpqQ2WcS-2FTzgSrvxM8UHDetjfCFgHfuIxVzML9eO2lwIPoEyH273FaJ0jkibRH-2Fhp4JWwSnIOL8-2FTbIemxt55uAEtKCZjInqzCnGvMAJJu0MvXNa0-2B0-2BjtAPFPxKlf1xv5OhjeeVotA3bMBtsE2ZsuMpJoxywsjrLYU9DaOdYtdIiDBrnoAzyUm8otudlfVn9uIUOAR2VRe6IUgL7E65IVkuvbusgIOKR8TwkMaeN4HFFdJDsq4GsIeCtWUMtyI95-2F2XuZSM4fdbjMKd-2F6aN8cU6kxRxWAR3D5e-2FGDU7C4FfQVzlqwiWESVTJboLzgn0a0C05VGe3pk30EvUsTshX5dNLOC4lwUYoTRfFA6xtl2jVKo-2Fs3QKljwkkEGfCHe2xP-2FPBAXb39g9tIl3lIXs15NwsP1N7s-2BnAQibrbYNnPRSAshWgUMUvs2yHs5utay0whZyBMCheJ1QN8zhVOBlLQ-3D-3D
[INFO] 19-02-2025 10:24:04 [main] [LogUtils] - Navigating to URL: https://u24054449.ct.sendgrid.net/ls/click?upn=u001.uKTWfX-2BO7Cb7TshAM6sZKbEPm9EMqm9C4ZEtr6uuLun9WzqgtnF82p3mwtRkl8l6kvdK8O79Pbe-2By3oL-2FOovgZm-2F4-2Fnu-2BaaY0QoP5Ooc3tRSHx5vWjOJhGFMoi4HPTZo-2BV26ZaUI5Qertnmtqx5URRmhLTPPX99T9SXxCmCfy0GC-2Fkt0tjJ0nKB19zuNsmhTi-2BuXkZ0k-2FP1AsgNUawbHw6ksuyIhr2SsaxVeD3n8PfU-3DKfdz_wpqQ2WcS-2FTzgSrvxM8UHDetjfCFgHfuIxVzML9eO2lwIPoEyH273FaJ0jkibRH-2Fhp4JWwSnIOL8-2FTbIemxt55uAEtKCZjInqzCnGvMAJJu0MvXNa0-2B0-2BjtAPFPxKlf1xv5OhjeeVotA3bMBtsE2ZsuMpJoxywsjrLYU9DaOdYtdIiDBrnoAzyUm8otudlfVn9uIUOAR2VRe6IUgL7E65IVkuvbusgIOKR8TwkMaeN4HFFdJDsq4GsIeCtWUMtyI95-2F2XuZSM4fdbjMKd-2F6aN8cU6kxRxWAR3D5e-2FGDU7C4FfQVzlqwiWESVTJboLzgn0a0C05VGe3pk30EvUsTshX5dNLOC4lwUYoTRfFA6xtl2jVKo-2Fs3QKljwkkEGfCHe2xP-2FPBAXb39g9tIl3lIXs15NwsP1N7s-2BnAQibrbYNnPRSAshWgUMUvs2yHs5utay0whZyBMCheJ1QN8zhVOBlLQ-3D-3D
[ERROR] 19-02-2025 10:24:06 [main] [LogUtils] - Failed to capture screenshot: Illegal char <:> at index 34: screenshots\navigate_19/02/2025 10:24:06.png
[INFO] 19-02-2025 10:24:09 [main] [LogUtils] - Closing browser and cleaning up...
[INFO] 19-02-2025 10:24:42 [main] [LogUtils] - Creating Playwright instance using factory method...
[INFO] 19-02-2025 10:24:53 [main] [LogUtils] - Warning !! Can not Load All File.
[INFO] 19-02-2025 10:24:57 [main] [LogUtils] - Page instance created: com.microsoft.playwright.impl.PageImpl@34c76167
[INFO] 19-02-2025 10:24:58 [main] [LogUtils] - Requesting inbox for domain: private
[INFO] 19-02-2025 10:25:02 [main] [LogUtils] - Inbox received with 1 messages
[INFO] 19-02-2025 10:25:02 [main] [LogUtils] - Found message with id: abc-1738505275-0961552951903 and subject: Onboarding Invite
[WARN] 19-02-2025 10:25:02 [main] [LogUtils] - No URL found in subject. Trying links API for message id: abc-1738505275-0961552951903
[INFO] 19-02-2025 10:25:03 [main] [LogUtils] - Retrieved URL from links API: https://u24054449.ct.sendgrid.net/ls/click?upn=u001.uKTWfX-2BO7Cb7TshAM6sZKbEPm9EMqm9C4ZEtr6uuLun9WzqgtnF82p3mwtRkl8l6kvdK8O79Pbe-2By3oL-2FOovgZm-2F4-2Fnu-2BaaY0QoP5Ooc3tRSHx5vWjOJhGFMoi4HPTZo-2BV26ZaUI5Qertnmtqx5URRmhLTPPX99T9SXxCmCfy0GC-2Fkt0tjJ0nKB19zuNsmhTi-2BuXkZ0k-2FP1AsgNUawbHw6ksuyIhr2SsaxVeD3n8PfU-3DKfdz_wpqQ2WcS-2FTzgSrvxM8UHDetjfCFgHfuIxVzML9eO2lwIPoEyH273FaJ0jkibRH-2Fhp4JWwSnIOL8-2FTbIemxt55uAEtKCZjInqzCnGvMAJJu0MvXNa0-2B0-2BjtAPFPxKlf1xv5OhjeeVotA3bMBtsE2ZsuMpJoxywsjrLYU9DaOdYtdIiDBrnoAzyUm8otudlfVn9uIUOAR2VRe6IUgL7E65IVkuvbusgIOKR8TwkMaeN4HFFdJDsq4GsIeCtWUMtyI95-2F2XuZSM4fdbjMKd-2F6aN8cU6kxRxWAR3D5e-2FGDU7C4FfQVzlqwiWESVTJboLzgn0a0C05VGe3pk30EvUsTshX5dNLOC4lwUYoTRfFA6xtl2jVKo-2Fs3QKljwkkEGfCHe2xP-2FPBAXb39g9tIl3lIXs15NwsP1N7s-2BnAQibrbYNnPRSAshWgUMUvs2yHs5utay0whZyBMCheJ1QN8zhVOBlLQ-3D-3D
[INFO] 19-02-2025 10:25:03 [main] [LogUtils] - Navigating to URL: https://u24054449.ct.sendgrid.net/ls/click?upn=u001.uKTWfX-2BO7Cb7TshAM6sZKbEPm9EMqm9C4ZEtr6uuLun9WzqgtnF82p3mwtRkl8l6kvdK8O79Pbe-2By3oL-2FOovgZm-2F4-2Fnu-2BaaY0QoP5Ooc3tRSHx5vWjOJhGFMoi4HPTZo-2BV26ZaUI5Qertnmtqx5URRmhLTPPX99T9SXxCmCfy0GC-2Fkt0tjJ0nKB19zuNsmhTi-2BuXkZ0k-2FP1AsgNUawbHw6ksuyIhr2SsaxVeD3n8PfU-3DKfdz_wpqQ2WcS-2FTzgSrvxM8UHDetjfCFgHfuIxVzML9eO2lwIPoEyH273FaJ0jkibRH-2Fhp4JWwSnIOL8-2FTbIemxt55uAEtKCZjInqzCnGvMAJJu0MvXNa0-2B0-2BjtAPFPxKlf1xv5OhjeeVotA3bMBtsE2ZsuMpJoxywsjrLYU9DaOdYtdIiDBrnoAzyUm8otudlfVn9uIUOAR2VRe6IUgL7E65IVkuvbusgIOKR8TwkMaeN4HFFdJDsq4GsIeCtWUMtyI95-2F2XuZSM4fdbjMKd-2F6aN8cU6kxRxWAR3D5e-2FGDU7C4FfQVzlqwiWESVTJboLzgn0a0C05VGe3pk30EvUsTshX5dNLOC4lwUYoTRfFA6xtl2jVKo-2Fs3QKljwkkEGfCHe2xP-2FPBAXb39g9tIl3lIXs15NwsP1N7s-2BnAQibrbYNnPRSAshWgUMUvs2yHs5utay0whZyBMCheJ1QN8zhVOBlLQ-3D-3D
[ERROR] 19-02-2025 10:25:05 [main] [LogUtils] - Failed to capture screenshot: Illegal char <:> at index 34: screenshots\navigate_19/02/2025 10:25:05.png
[INFO] 19-02-2025 10:25:13 [main] [LogUtils] - Closing browser and cleaning up...
[INFO] 19-02-2025 10:26:04 [main] [LogUtils] - Creating Playwright instance using factory method...
[INFO] 19-02-2025 10:26:14 [main] [LogUtils] - Warning !! Can not Load All File.
[INFO] 19-02-2025 10:26:18 [main] [LogUtils] - Page instance created: com.microsoft.playwright.impl.PageImpl@36211bbc
[INFO] 19-02-2025 10:26:19 [main] [LogUtils] - Requesting inbox for domain: private
[INFO] 19-02-2025 10:26:24 [main] [LogUtils] - Inbox received with 1 messages
[INFO] 19-02-2025 10:26:24 [main] [LogUtils] - Found message with id: abc-1738505275-0961552951903 and subject: Onboarding Invite
[WARN] 19-02-2025 10:26:24 [main] [LogUtils] - No URL found in subject. Trying links API for message id: abc-1738505275-0961552951903
[INFO] 19-02-2025 10:26:24 [main] [LogUtils] - Retrieved URL from links API: https://u24054449.ct.sendgrid.net/ls/click?upn=u001.uKTWfX-2BO7Cb7TshAM6sZKbEPm9EMqm9C4ZEtr6uuLun9WzqgtnF82p3mwtRkl8l6kvdK8O79Pbe-2By3oL-2FOovgZm-2F4-2Fnu-2BaaY0QoP5Ooc3tRSHx5vWjOJhGFMoi4HPTZo-2BV26ZaUI5Qertnmtqx5URRmhLTPPX99T9SXxCmCfy0GC-2Fkt0tjJ0nKB19zuNsmhTi-2BuXkZ0k-2FP1AsgNUawbHw6ksuyIhr2SsaxVeD3n8PfU-3DKfdz_wpqQ2WcS-2FTzgSrvxM8UHDetjfCFgHfuIxVzML9eO2lwIPoEyH273FaJ0jkibRH-2Fhp4JWwSnIOL8-2FTbIemxt55uAEtKCZjInqzCnGvMAJJu0MvXNa0-2B0-2BjtAPFPxKlf1xv5OhjeeVotA3bMBtsE2ZsuMpJoxywsjrLYU9DaOdYtdIiDBrnoAzyUm8otudlfVn9uIUOAR2VRe6IUgL7E65IVkuvbusgIOKR8TwkMaeN4HFFdJDsq4GsIeCtWUMtyI95-2F2XuZSM4fdbjMKd-2F6aN8cU6kxRxWAR3D5e-2FGDU7C4FfQVzlqwiWESVTJboLzgn0a0C05VGe3pk30EvUsTshX5dNLOC4lwUYoTRfFA6xtl2jVKo-2Fs3QKljwkkEGfCHe2xP-2FPBAXb39g9tIl3lIXs15NwsP1N7s-2BnAQibrbYNnPRSAshWgUMUvs2yHs5utay0whZyBMCheJ1QN8zhVOBlLQ-3D-3D
[INFO] 19-02-2025 10:26:24 [main] [LogUtils] - Navigating to URL: https://u24054449.ct.sendgrid.net/ls/click?upn=u001.uKTWfX-2BO7Cb7TshAM6sZKbEPm9EMqm9C4ZEtr6uuLun9WzqgtnF82p3mwtRkl8l6kvdK8O79Pbe-2By3oL-2FOovgZm-2F4-2Fnu-2BaaY0QoP5Ooc3tRSHx5vWjOJhGFMoi4HPTZo-2BV26ZaUI5Qertnmtqx5URRmhLTPPX99T9SXxCmCfy0GC-2Fkt0tjJ0nKB19zuNsmhTi-2BuXkZ0k-2FP1AsgNUawbHw6ksuyIhr2SsaxVeD3n8PfU-3DKfdz_wpqQ2WcS-2FTzgSrvxM8UHDetjfCFgHfuIxVzML9eO2lwIPoEyH273FaJ0jkibRH-2Fhp4JWwSnIOL8-2FTbIemxt55uAEtKCZjInqzCnGvMAJJu0MvXNa0-2B0-2BjtAPFPxKlf1xv5OhjeeVotA3bMBtsE2ZsuMpJoxywsjrLYU9DaOdYtdIiDBrnoAzyUm8otudlfVn9uIUOAR2VRe6IUgL7E65IVkuvbusgIOKR8TwkMaeN4HFFdJDsq4GsIeCtWUMtyI95-2F2XuZSM4fdbjMKd-2F6aN8cU6kxRxWAR3D5e-2FGDU7C4FfQVzlqwiWESVTJboLzgn0a0C05VGe3pk30EvUsTshX5dNLOC4lwUYoTRfFA6xtl2jVKo-2Fs3QKljwkkEGfCHe2xP-2FPBAXb39g9tIl3lIXs15NwsP1N7s-2BnAQibrbYNnPRSAshWgUMUvs2yHs5utay0whZyBMCheJ1QN8zhVOBlLQ-3D-3D
[ERROR] 19-02-2025 10:26:26 [main] [LogUtils] - Failed to capture screenshot: Illegal char <:> at index 34: screenshots\navigate_19/02/2025 10:26:26.png
[INFO] 19-02-2025 10:26:34 [main] [LogUtils] - Closing browser and cleaning up...
[INFO] 19-02-2025 13:06:04 [main] [LogUtils] - Creating Playwright instance using factory method...
[INFO] 19-02-2025 13:06:10 [main] [LogUtils] - Warning !! Can not Load All File.
[INFO] 19-02-2025 13:06:12 [main] [LogUtils] - Page instance created: com.microsoft.playwright.impl.PageImpl@36211bbc
[INFO] 19-02-2025 13:06:13 [main] [LogUtils] - Requesting inbox for domain: private
[INFO] 19-02-2025 13:06:17 [main] [LogUtils] - Inbox received with 2 messages
[INFO] 19-02-2025 13:06:17 [main] [LogUtils] - Found message with id: abc-1738505275-0961552951903 and subject: Onboarding Invite
[WARN] 19-02-2025 13:06:17 [main] [LogUtils] - No URL found in subject. Trying links API for message id: abc-1738505275-0961552951903
[INFO] 19-02-2025 13:06:17 [main] [LogUtils] - Retrieved URL from links API: https://u24054449.ct.sendgrid.net/ls/click?upn=u001.uKTWfX-2BO7Cb7TshAM6sZKbEPm9EMqm9C4ZEtr6uuLun9WzqgtnF82p3mwtRkl8l6kvdK8O79Pbe-2By3oL-2FOovgZm-2F4-2Fnu-2BaaY0QoP5Ooc3tRSHx5vWjOJhGFMoi4HPTZo-2BV26ZaUI5Qertnmtqx5URRmhLTPPX99T9SXxCmCfy0GC-2Fkt0tjJ0nKB19zuNsmhTi-2BuXkZ0k-2FP1AsgNUawbHw6ksuyIhr2SsaxVeD3n8PfU-3DKfdz_wpqQ2WcS-2FTzgSrvxM8UHDetjfCFgHfuIxVzML9eO2lwIPoEyH273FaJ0jkibRH-2Fhp4JWwSnIOL8-2FTbIemxt55uAEtKCZjInqzCnGvMAJJu0MvXNa0-2B0-2BjtAPFPxKlf1xv5OhjeeVotA3bMBtsE2ZsuMpJoxywsjrLYU9DaOdYtdIiDBrnoAzyUm8otudlfVn9uIUOAR2VRe6IUgL7E65IVkuvbusgIOKR8TwkMaeN4HFFdJDsq4GsIeCtWUMtyI95-2F2XuZSM4fdbjMKd-2F6aN8cU6kxRxWAR3D5e-2FGDU7C4FfQVzlqwiWESVTJboLzgn0a0C05VGe3pk30EvUsTshX5dNLOC4lwUYoTRfFA6xtl2jVKo-2Fs3QKljwkkEGfCHe2xP-2FPBAXb39g9tIl3lIXs15NwsP1N7s-2BnAQibrbYNnPRSAshWgUMUvs2yHs5utay0whZyBMCheJ1QN8zhVOBlLQ-3D-3D
[INFO] 19-02-2025 13:06:17 [main] [LogUtils] - Navigating to URL: https://u24054449.ct.sendgrid.net/ls/click?upn=u001.uKTWfX-2BO7Cb7TshAM6sZKbEPm9EMqm9C4ZEtr6uuLun9WzqgtnF82p3mwtRkl8l6kvdK8O79Pbe-2By3oL-2FOovgZm-2F4-2Fnu-2BaaY0QoP5Ooc3tRSHx5vWjOJhGFMoi4HPTZo-2BV26ZaUI5Qertnmtqx5URRmhLTPPX99T9SXxCmCfy0GC-2Fkt0tjJ0nKB19zuNsmhTi-2BuXkZ0k-2FP1AsgNUawbHw6ksuyIhr2SsaxVeD3n8PfU-3DKfdz_wpqQ2WcS-2FTzgSrvxM8UHDetjfCFgHfuIxVzML9eO2lwIPoEyH273FaJ0jkibRH-2Fhp4JWwSnIOL8-2FTbIemxt55uAEtKCZjInqzCnGvMAJJu0MvXNa0-2B0-2BjtAPFPxKlf1xv5OhjeeVotA3bMBtsE2ZsuMpJoxywsjrLYU9DaOdYtdIiDBrnoAzyUm8otudlfVn9uIUOAR2VRe6IUgL7E65IVkuvbusgIOKR8TwkMaeN4HFFdJDsq4GsIeCtWUMtyI95-2F2XuZSM4fdbjMKd-2F6aN8cU6kxRxWAR3D5e-2FGDU7C4FfQVzlqwiWESVTJboLzgn0a0C05VGe3pk30EvUsTshX5dNLOC4lwUYoTRfFA6xtl2jVKo-2Fs3QKljwkkEGfCHe2xP-2FPBAXb39g9tIl3lIXs15NwsP1N7s-2BnAQibrbYNnPRSAshWgUMUvs2yHs5utay0whZyBMCheJ1QN8zhVOBlLQ-3D-3D
[ERROR] 19-02-2025 13:06:19 [main] [LogUtils] - Failed to capture screenshot: Illegal char <:> at index 34: screenshots\navigate_19/02/2025 13:06:19.png
[INFO] 19-02-2025 13:06:27 [main] [LogUtils] - Closing browser and cleaning up...
[INFO] 19-02-2025 13:08:15 [main] [LogUtils] - Creating Playwright instance using factory method...
[INFO] 19-02-2025 13:08:23 [main] [LogUtils] - Warning !! Can not Load All File.
[INFO] 19-02-2025 13:08:26 [main] [LogUtils] - Page instance created: com.microsoft.playwright.impl.PageImpl@7ef41ca2
[INFO] 19-02-2025 13:08:26 [main] [LogUtils] - Requesting inbox for domain: private
[INFO] 19-02-2025 13:08:30 [main] [LogUtils] - Inbox received with 2 messages
[INFO] 19-02-2025 13:08:30 [main] [LogUtils] - Found message with id: abc-1738505275-0961552951903 and subject: Onboarding Invite
[WARN] 19-02-2025 13:08:30 [main] [LogUtils] - No URL found in subject. Trying links API for message id: abc-1738505275-0961552951903
[INFO] 19-02-2025 13:08:30 [main] [LogUtils] - Retrieved URL from links API: https://u24054449.ct.sendgrid.net/ls/click?upn=u001.uKTWfX-2BO7Cb7TshAM6sZKbEPm9EMqm9C4ZEtr6uuLun9WzqgtnF82p3mwtRkl8l6kvdK8O79Pbe-2By3oL-2FOovgZm-2F4-2Fnu-2BaaY0QoP5Ooc3tRSHx5vWjOJhGFMoi4HPTZo-2BV26ZaUI5Qertnmtqx5URRmhLTPPX99T9SXxCmCfy0GC-2Fkt0tjJ0nKB19zuNsmhTi-2BuXkZ0k-2FP1AsgNUawbHw6ksuyIhr2SsaxVeD3n8PfU-3DKfdz_wpqQ2WcS-2FTzgSrvxM8UHDetjfCFgHfuIxVzML9eO2lwIPoEyH273FaJ0jkibRH-2Fhp4JWwSnIOL8-2FTbIemxt55uAEtKCZjInqzCnGvMAJJu0MvXNa0-2B0-2BjtAPFPxKlf1xv5OhjeeVotA3bMBtsE2ZsuMpJoxywsjrLYU9DaOdYtdIiDBrnoAzyUm8otudlfVn9uIUOAR2VRe6IUgL7E65IVkuvbusgIOKR8TwkMaeN4HFFdJDsq4GsIeCtWUMtyI95-2F2XuZSM4fdbjMKd-2F6aN8cU6kxRxWAR3D5e-2FGDU7C4FfQVzlqwiWESVTJboLzgn0a0C05VGe3pk30EvUsTshX5dNLOC4lwUYoTRfFA6xtl2jVKo-2Fs3QKljwkkEGfCHe2xP-2FPBAXb39g9tIl3lIXs15NwsP1N7s-2BnAQibrbYNnPRSAshWgUMUvs2yHs5utay0whZyBMCheJ1QN8zhVOBlLQ-3D-3D
[INFO] 19-02-2025 13:08:30 [main] [LogUtils] - Navigating to URL: https://u24054449.ct.sendgrid.net/ls/click?upn=u001.uKTWfX-2BO7Cb7TshAM6sZKbEPm9EMqm9C4ZEtr6uuLun9WzqgtnF82p3mwtRkl8l6kvdK8O79Pbe-2By3oL-2FOovgZm-2F4-2Fnu-2BaaY0QoP5Ooc3tRSHx5vWjOJhGFMoi4HPTZo-2BV26ZaUI5Qertnmtqx5URRmhLTPPX99T9SXxCmCfy0GC-2Fkt0tjJ0nKB19zuNsmhTi-2BuXkZ0k-2FP1AsgNUawbHw6ksuyIhr2SsaxVeD3n8PfU-3DKfdz_wpqQ2WcS-2FTzgSrvxM8UHDetjfCFgHfuIxVzML9eO2lwIPoEyH273FaJ0jkibRH-2Fhp4JWwSnIOL8-2FTbIemxt55uAEtKCZjInqzCnGvMAJJu0MvXNa0-2B0-2BjtAPFPxKlf1xv5OhjeeVotA3bMBtsE2ZsuMpJoxywsjrLYU9DaOdYtdIiDBrnoAzyUm8otudlfVn9uIUOAR2VRe6IUgL7E65IVkuvbusgIOKR8TwkMaeN4HFFdJDsq4GsIeCtWUMtyI95-2F2XuZSM4fdbjMKd-2F6aN8cU6kxRxWAR3D5e-2FGDU7C4FfQVzlqwiWESVTJboLzgn0a0C05VGe3pk30EvUsTshX5dNLOC4lwUYoTRfFA6xtl2jVKo-2Fs3QKljwkkEGfCHe2xP-2FPBAXb39g9tIl3lIXs15NwsP1N7s-2BnAQibrbYNnPRSAshWgUMUvs2yHs5utay0whZyBMCheJ1QN8zhVOBlLQ-3D-3D
[ERROR] 19-02-2025 13:08:33 [main] [LogUtils] - Failed to capture screenshot: Illegal char <:> at index 34: screenshots\navigate_19/02/2025 13:08:33.png
[INFO] 19-02-2025 13:08:41 [main] [LogUtils] - Closing browser and cleaning up...
[INFO] 19-02-2025 13:10:32 [main] [LogUtils] - Creating Playwright instance using factory method...
[INFO] 19-02-2025 13:10:37 [main] [LogUtils] - Warning !! Can not Load All File.
[INFO] 19-02-2025 13:10:39 [main] [LogUtils] - Page instance created: com.microsoft.playwright.impl.PageImpl@559991f5
[INFO] 19-02-2025 13:10:40 [main] [LogUtils] - Requesting inbox for domain: private
[INFO] 19-02-2025 13:10:44 [main] [LogUtils] - Inbox received with 2 messages
[INFO] 19-02-2025 13:10:44 [main] [LogUtils] - Found message with id: abc-1738505275-0961552951903 and subject: Onboarding Invite
[WARN] 19-02-2025 13:10:44 [main] [LogUtils] - No URL found in subject. Trying links API for message id: abc-1738505275-0961552951903
[INFO] 19-02-2025 13:10:44 [main] [LogUtils] - Retrieved URL from links API: https://u24054449.ct.sendgrid.net/ls/click?upn=u001.uKTWfX-2BO7Cb7TshAM6sZKbEPm9EMqm9C4ZEtr6uuLun9WzqgtnF82p3mwtRkl8l6kvdK8O79Pbe-2By3oL-2FOovgZm-2F4-2Fnu-2BaaY0QoP5Ooc3tRSHx5vWjOJhGFMoi4HPTZo-2BV26ZaUI5Qertnmtqx5URRmhLTPPX99T9SXxCmCfy0GC-2Fkt0tjJ0nKB19zuNsmhTi-2BuXkZ0k-2FP1AsgNUawbHw6ksuyIhr2SsaxVeD3n8PfU-3DKfdz_wpqQ2WcS-2FTzgSrvxM8UHDetjfCFgHfuIxVzML9eO2lwIPoEyH273FaJ0jkibRH-2Fhp4JWwSnIOL8-2FTbIemxt55uAEtKCZjInqzCnGvMAJJu0MvXNa0-2B0-2BjtAPFPxKlf1xv5OhjeeVotA3bMBtsE2ZsuMpJoxywsjrLYU9DaOdYtdIiDBrnoAzyUm8otudlfVn9uIUOAR2VRe6IUgL7E65IVkuvbusgIOKR8TwkMaeN4HFFdJDsq4GsIeCtWUMtyI95-2F2XuZSM4fdbjMKd-2F6aN8cU6kxRxWAR3D5e-2FGDU7C4FfQVzlqwiWESVTJboLzgn0a0C05VGe3pk30EvUsTshX5dNLOC4lwUYoTRfFA6xtl2jVKo-2Fs3QKljwkkEGfCHe2xP-2FPBAXb39g9tIl3lIXs15NwsP1N7s-2BnAQibrbYNnPRSAshWgUMUvs2yHs5utay0whZyBMCheJ1QN8zhVOBlLQ-3D-3D
[INFO] 19-02-2025 13:10:44 [main] [LogUtils] - Navigating to URL: https://u24054449.ct.sendgrid.net/ls/click?upn=u001.uKTWfX-2BO7Cb7TshAM6sZKbEPm9EMqm9C4ZEtr6uuLun9WzqgtnF82p3mwtRkl8l6kvdK8O79Pbe-2By3oL-2FOovgZm-2F4-2Fnu-2BaaY0QoP5Ooc3tRSHx5vWjOJhGFMoi4HPTZo-2BV26ZaUI5Qertnmtqx5URRmhLTPPX99T9SXxCmCfy0GC-2Fkt0tjJ0nKB19zuNsmhTi-2BuXkZ0k-2FP1AsgNUawbHw6ksuyIhr2SsaxVeD3n8PfU-3DKfdz_wpqQ2WcS-2FTzgSrvxM8UHDetjfCFgHfuIxVzML9eO2lwIPoEyH273FaJ0jkibRH-2Fhp4JWwSnIOL8-2FTbIemxt55uAEtKCZjInqzCnGvMAJJu0MvXNa0-2B0-2BjtAPFPxKlf1xv5OhjeeVotA3bMBtsE2ZsuMpJoxywsjrLYU9DaOdYtdIiDBrnoAzyUm8otudlfVn9uIUOAR2VRe6IUgL7E65IVkuvbusgIOKR8TwkMaeN4HFFdJDsq4GsIeCtWUMtyI95-2F2XuZSM4fdbjMKd-2F6aN8cU6kxRxWAR3D5e-2FGDU7C4FfQVzlqwiWESVTJboLzgn0a0C05VGe3pk30EvUsTshX5dNLOC4lwUYoTRfFA6xtl2jVKo-2Fs3QKljwkkEGfCHe2xP-2FPBAXb39g9tIl3lIXs15NwsP1N7s-2BnAQibrbYNnPRSAshWgUMUvs2yHs5utay0whZyBMCheJ1QN8zhVOBlLQ-3D-3D
[ERROR] 19-02-2025 13:10:46 [main] [LogUtils] - Failed to capture screenshot: Illegal char <:> at index 34: screenshots\navigate_19/02/2025 13:10:46.png
[INFO] 19-02-2025 13:12:14 [main] [LogUtils] - Closing browser and cleaning up...
[INFO] 19-02-2025 13:12:27 [main] [LogUtils] - Creating Playwright instance using factory method...
[INFO] 19-02-2025 13:12:33 [main] [LogUtils] - Warning !! Can not Load All File.
[INFO] 19-02-2025 13:12:36 [main] [LogUtils] - Page instance created: com.microsoft.playwright.impl.PageImpl@7ea42c82
[INFO] 19-02-2025 13:12:36 [main] [LogUtils] - Requesting inbox for domain: private
[INFO] 19-02-2025 13:12:40 [main] [LogUtils] - Inbox received with 2 messages
[INFO] 19-02-2025 13:12:40 [main] [LogUtils] - Found message with id: abc-1738505275-0961552951903 and subject: Onboarding Invite
[WARN] 19-02-2025 13:12:40 [main] [LogUtils] - No URL found in subject. Trying links API for message id: abc-1738505275-0961552951903
[INFO] 19-02-2025 13:12:40 [main] [LogUtils] - Retrieved URL from links API: https://u24054449.ct.sendgrid.net/ls/click?upn=u001.uKTWfX-2BO7Cb7TshAM6sZKbEPm9EMqm9C4ZEtr6uuLun9WzqgtnF82p3mwtRkl8l6kvdK8O79Pbe-2By3oL-2FOovgZm-2F4-2Fnu-2BaaY0QoP5Ooc3tRSHx5vWjOJhGFMoi4HPTZo-2BV26ZaUI5Qertnmtqx5URRmhLTPPX99T9SXxCmCfy0GC-2Fkt0tjJ0nKB19zuNsmhTi-2BuXkZ0k-2FP1AsgNUawbHw6ksuyIhr2SsaxVeD3n8PfU-3DKfdz_wpqQ2WcS-2FTzgSrvxM8UHDetjfCFgHfuIxVzML9eO2lwIPoEyH273FaJ0jkibRH-2Fhp4JWwSnIOL8-2FTbIemxt55uAEtKCZjInqzCnGvMAJJu0MvXNa0-2B0-2BjtAPFPxKlf1xv5OhjeeVotA3bMBtsE2ZsuMpJoxywsjrLYU9DaOdYtdIiDBrnoAzyUm8otudlfVn9uIUOAR2VRe6IUgL7E65IVkuvbusgIOKR8TwkMaeN4HFFdJDsq4GsIeCtWUMtyI95-2F2XuZSM4fdbjMKd-2F6aN8cU6kxRxWAR3D5e-2FGDU7C4FfQVzlqwiWESVTJboLzgn0a0C05VGe3pk30EvUsTshX5dNLOC4lwUYoTRfFA6xtl2jVKo-2Fs3QKljwkkEGfCHe2xP-2FPBAXb39g9tIl3lIXs15NwsP1N7s-2BnAQibrbYNnPRSAshWgUMUvs2yHs5utay0whZyBMCheJ1QN8zhVOBlLQ-3D-3D
[INFO] 19-02-2025 13:12:40 [main] [LogUtils] - Navigating to URL: https://u24054449.ct.sendgrid.net/ls/click?upn=u001.uKTWfX-2BO7Cb7TshAM6sZKbEPm9EMqm9C4ZEtr6uuLun9WzqgtnF82p3mwtRkl8l6kvdK8O79Pbe-2By3oL-2FOovgZm-2F4-2Fnu-2BaaY0QoP5Ooc3tRSHx5vWjOJhGFMoi4HPTZo-2BV26ZaUI5Qertnmtqx5URRmhLTPPX99T9SXxCmCfy0GC-2Fkt0tjJ0nKB19zuNsmhTi-2BuXkZ0k-2FP1AsgNUawbHw6ksuyIhr2SsaxVeD3n8PfU-3DKfdz_wpqQ2WcS-2FTzgSrvxM8UHDetjfCFgHfuIxVzML9eO2lwIPoEyH273FaJ0jkibRH-2Fhp4JWwSnIOL8-2FTbIemxt55uAEtKCZjInqzCnGvMAJJu0MvXNa0-2B0-2BjtAPFPxKlf1xv5OhjeeVotA3bMBtsE2ZsuMpJoxywsjrLYU9DaOdYtdIiDBrnoAzyUm8otudlfVn9uIUOAR2VRe6IUgL7E65IVkuvbusgIOKR8TwkMaeN4HFFdJDsq4GsIeCtWUMtyI95-2F2XuZSM4fdbjMKd-2F6aN8cU6kxRxWAR3D5e-2FGDU7C4FfQVzlqwiWESVTJboLzgn0a0C05VGe3pk30EvUsTshX5dNLOC4lwUYoTRfFA6xtl2jVKo-2Fs3QKljwkkEGfCHe2xP-2FPBAXb39g9tIl3lIXs15NwsP1N7s-2BnAQibrbYNnPRSAshWgUMUvs2yHs5utay0whZyBMCheJ1QN8zhVOBlLQ-3D-3D
[ERROR] 19-02-2025 13:12:43 [main] [LogUtils] - Failed to capture screenshot: Illegal char <:> at index 34: screenshots\navigate_19/02/2025 13:12:43.png
[INFO] 19-02-2025 13:14:11 [main] [LogUtils] - Closing browser and cleaning up...
[INFO] 19-02-2025 13:33:12 [main] [LogUtils] - Creating Playwright instance using factory method...
[INFO] 19-02-2025 13:33:19 [main] [LogUtils] - Warning !! Can not Load All File.
[INFO] 19-02-2025 13:33:24 [main] [LogUtils] - Page instance created: com.microsoft.playwright.impl.PageImpl@565d7d2f
[INFO] 19-02-2025 13:33:25 [main] [LogUtils] - Requesting inbox for domain: private
[INFO] 19-02-2025 13:33:33 [main] [LogUtils] - Inbox received with 2 messages
[INFO] 19-02-2025 13:33:33 [main] [LogUtils] - Using latest message with id: abc1-1739950473-096790445903 and subject: Onboarding Invite
[WARN] 19-02-2025 13:33:33 [main] [LogUtils] - No URL found in subject. Trying links API for message id: abc1-1739950473-096790445903
[INFO] 19-02-2025 13:33:33 [main] [LogUtils] - Retrieved URL from links API: https://u24054449.ct.sendgrid.net/ls/click?upn=u001.uKTWfX-2BO7Cb7TshAM6sZKbEPm9EMqm9C4ZEtr6uuLun9WzqgtnF82p3mwtRkl8l6kvdK8O79Pbe-2By3oL-2FOovgRLsrvxOzFcLWjUmVZHFMSYxo4pL31ysTAxDgWi-2Fwl0d0Jv6j8337M1PQbHn-2ByF47HgZDmSJNIFOvhKkd7IfvuM6znFEt-2FOISzGeIcttEy4-2BWTLn-2FgGZuh0Kac4oEb-2FZCXOr5CP5CSu9XgxaIH-2Bc-2Bm4-3D2Wh3_xLcdvdxf4Fza8LcvkLiN7T2R0LE0AEGF9w71ltIf1dxiZxztG-2F-2FFBy-2BaknjWuan3S1snGKvnNFWrh23JyDr48xvjv0dlzKjn1dUx-2Bjfe4ts5ag6-2BwzCnl-2FZ326a1ofJ8-2FiCsyQdtU-2FZmGwg-2FjtBdre5IY9Z9gsksZJ8r1Gj1L-2B3m4jaUdkHXbuq6yeCCyA6s8KpriBzD68H3qMsG8XvO2KY7zOIP-2BmqG3edPLLi-2FPh9Wcg4qm-2BmrKBikVjc9WAR0Z3qS9nt0nZUBb-2B4JIS1m1413YY97apufSEOOPaTeY0cfEu8AH5ioknwUlO4kqrMdORl3iS1-2F1-2FVVpR277A6VplRmMI-2F0jr3FqFwr-2B4Oi-2FQIazlEHpgTDqFv2kt91vpfCsArmQ7zANCgqo-2F-2FFwTKsdGdnAyXYV6vQ5SVTcN-2FIgasA3VV0iCIpU87NPimhbI-2B3fkSN9HpyykeAusTdKk62Vw-3D-3D
[INFO] 19-02-2025 13:33:33 [main] [LogUtils] - Navigating to URL: https://u24054449.ct.sendgrid.net/ls/click?upn=u001.uKTWfX-2BO7Cb7TshAM6sZKbEPm9EMqm9C4ZEtr6uuLun9WzqgtnF82p3mwtRkl8l6kvdK8O79Pbe-2By3oL-2FOovgRLsrvxOzFcLWjUmVZHFMSYxo4pL31ysTAxDgWi-2Fwl0d0Jv6j8337M1PQbHn-2ByF47HgZDmSJNIFOvhKkd7IfvuM6znFEt-2FOISzGeIcttEy4-2BWTLn-2FgGZuh0Kac4oEb-2FZCXOr5CP5CSu9XgxaIH-2Bc-2Bm4-3D2Wh3_xLcdvdxf4Fza8LcvkLiN7T2R0LE0AEGF9w71ltIf1dxiZxztG-2F-2FFBy-2BaknjWuan3S1snGKvnNFWrh23JyDr48xvjv0dlzKjn1dUx-2Bjfe4ts5ag6-2BwzCnl-2FZ326a1ofJ8-2FiCsyQdtU-2FZmGwg-2FjtBdre5IY9Z9gsksZJ8r1Gj1L-2B3m4jaUdkHXbuq6yeCCyA6s8KpriBzD68H3qMsG8XvO2KY7zOIP-2BmqG3edPLLi-2FPh9Wcg4qm-2BmrKBikVjc9WAR0Z3qS9nt0nZUBb-2B4JIS1m1413YY97apufSEOOPaTeY0cfEu8AH5ioknwUlO4kqrMdORl3iS1-2F1-2FVVpR277A6VplRmMI-2F0jr3FqFwr-2B4Oi-2FQIazlEHpgTDqFv2kt91vpfCsArmQ7zANCgqo-2F-2FFwTKsdGdnAyXYV6vQ5SVTcN-2FIgasA3VV0iCIpU87NPimhbI-2B3fkSN9HpyykeAusTdKk62Vw-3D-3D
[ERROR] 19-02-2025 13:33:35 [main] [LogUtils] - Failed to capture screenshot: Illegal char <:> at index 34: screenshots\navigate_19/02/2025 13:33:35.png
[INFO] 19-02-2025 13:35:04 [main] [LogUtils] - Closing browser and cleaning up...
[INFO] 19-02-2025 16:05:33 [main] [LogUtils] - Creating Playwright instance using factory method...
[INFO] 19-02-2025 16:05:39 [main] [LogUtils] - Warning !! Can not Load All File.
[INFO] 19-02-2025 16:05:51 [main] [LogUtils] - Page instance created: com.microsoft.playwright.impl.PageImpl@42a0786f
[INFO] 19-02-2025 16:05:52 [main] [LogUtils] - Navigating to URL: https://staging.withassured.com/sign-in
[ERROR] 19-02-2025 16:05:53 [main] [LogUtils] - Failed to capture screenshot: Illegal char <:> at index 34: screenshots\navigate_19/02/2025 16:05:53.png
[INFO] 19-02-2025 16:05:53 [main] [LogUtils] - Filling in email: 
[INFO] 19-02-2025 16:05:54 [main] [LogUtils] - Filled element with selector: //*[@id='normal_login_email'] with text: abc@gmail.com
[ERROR] 19-02-2025 16:05:54 [main] [LogUtils] - Failed to capture screenshot: Illegal char <:> at index 33: screenshots\setText_19/02/2025 16:05:54.png
[INFO] 19-02-2025 16:05:54 [main] [LogUtils] - Filling in password.
[INFO] 19-02-2025 16:05:54 [main] [LogUtils] - Filled element with selector: //*[@id='normal_login_password'] with text: abc
[ERROR] 19-02-2025 16:05:54 [main] [LogUtils] - Failed to capture screenshot: Illegal char <:> at index 33: screenshots\setText_19/02/2025 16:05:54.png
[INFO] 19-02-2025 16:06:02 [main] [LogUtils] - Requesting inbox for domain: private
[INFO] 19-02-2025 16:06:04 [main] [LogUtils] - Inbox received with 2 messages
[INFO] 19-02-2025 16:06:04 [main] [LogUtils] - Using latest message with id: abc1-1739950473-096790445903 and subject: Onboarding Invite
[WARN] 19-02-2025 16:06:04 [main] [LogUtils] - No URL found in subject. Trying links API for message id: abc1-1739950473-096790445903
[INFO] 19-02-2025 16:06:05 [main] [LogUtils] - Retrieved URL from links API: https://u24054449.ct.sendgrid.net/ls/click?upn=u001.uKTWfX-2BO7Cb7TshAM6sZKbEPm9EMqm9C4ZEtr6uuLun9WzqgtnF82p3mwtRkl8l6kvdK8O79Pbe-2By3oL-2FOovgRLsrvxOzFcLWjUmVZHFMSYxo4pL31ysTAxDgWi-2Fwl0d0Jv6j8337M1PQbHn-2ByF47HgZDmSJNIFOvhKkd7IfvuM6znFEt-2FOISzGeIcttEy4-2BWTLn-2FgGZuh0Kac4oEb-2FZCXOr5CP5CSu9XgxaIH-2Bc-2Bm4-3D2Wh3_xLcdvdxf4Fza8LcvkLiN7T2R0LE0AEGF9w71ltIf1dxiZxztG-2F-2FFBy-2BaknjWuan3S1snGKvnNFWrh23JyDr48xvjv0dlzKjn1dUx-2Bjfe4ts5ag6-2BwzCnl-2FZ326a1ofJ8-2FiCsyQdtU-2FZmGwg-2FjtBdre5IY9Z9gsksZJ8r1Gj1L-2B3m4jaUdkHXbuq6yeCCyA6s8KpriBzD68H3qMsG8XvO2KY7zOIP-2BmqG3edPLLi-2FPh9Wcg4qm-2BmrKBikVjc9WAR0Z3qS9nt0nZUBb-2B4JIS1m1413YY97apufSEOOPaTeY0cfEu8AH5ioknwUlO4kqrMdORl3iS1-2F1-2FVVpR277A6VplRmMI-2F0jr3FqFwr-2B4Oi-2FQIazlEHpgTDqFv2kt91vpfCsArmQ7zANCgqo-2F-2FFwTKsdGdnAyXYV6vQ5SVTcN-2FIgasA3VV0iCIpU87NPimhbI-2B3fkSN9HpyykeAusTdKk62Vw-3D-3D
[INFO] 19-02-2025 16:06:08 [main] [LogUtils] - Opened new browser instance for additional actions.
[ERROR] 19-02-2025 16:06:08 [main] [LogUtils] - Failed to capture screenshot: Illegal char <:> at index 42: screenshots\newBrowserOpened_19/02/2025 16:06:08.png
[INFO] 19-02-2025 16:06:08 [main] [LogUtils] - Navigating to URL: https://u24054449.ct.sendgrid.net/ls/click?upn=u001.uKTWfX-2BO7Cb7TshAM6sZKbEPm9EMqm9C4ZEtr6uuLun9WzqgtnF82p3mwtRkl8l6kvdK8O79Pbe-2By3oL-2FOovgRLsrvxOzFcLWjUmVZHFMSYxo4pL31ysTAxDgWi-2Fwl0d0Jv6j8337M1PQbHn-2ByF47HgZDmSJNIFOvhKkd7IfvuM6znFEt-2FOISzGeIcttEy4-2BWTLn-2FgGZuh0Kac4oEb-2FZCXOr5CP5CSu9XgxaIH-2Bc-2Bm4-3D2Wh3_xLcdvdxf4Fza8LcvkLiN7T2R0LE0AEGF9w71ltIf1dxiZxztG-2F-2FFBy-2BaknjWuan3S1snGKvnNFWrh23JyDr48xvjv0dlzKjn1dUx-2Bjfe4ts5ag6-2BwzCnl-2FZ326a1ofJ8-2FiCsyQdtU-2FZmGwg-2FjtBdre5IY9Z9gsksZJ8r1Gj1L-2B3m4jaUdkHXbuq6yeCCyA6s8KpriBzD68H3qMsG8XvO2KY7zOIP-2BmqG3edPLLi-2FPh9Wcg4qm-2BmrKBikVjc9WAR0Z3qS9nt0nZUBb-2B4JIS1m1413YY97apufSEOOPaTeY0cfEu8AH5ioknwUlO4kqrMdORl3iS1-2F1-2FVVpR277A6VplRmMI-2F0jr3FqFwr-2B4Oi-2FQIazlEHpgTDqFv2kt91vpfCsArmQ7zANCgqo-2F-2FFwTKsdGdnAyXYV6vQ5SVTcN-2FIgasA3VV0iCIpU87NPimhbI-2B3fkSN9HpyykeAusTdKk62Vw-3D-3D
[ERROR] 19-02-2025 16:06:11 [main] [LogUtils] - Failed to capture screenshot: Illegal char <:> at index 34: screenshots\navigate_19/02/2025 16:06:11.png
[INFO] 19-02-2025 16:06:11 [main] [LogUtils] - Filled element with selector: #createProviderAccountForm_password with text: 123456
[ERROR] 19-02-2025 16:06:11 [main] [LogUtils] - Failed to capture screenshot: Illegal char <:> at index 33: screenshots\setText_19/02/2025 16:06:11.png
[INFO] 19-02-2025 16:06:11 [main] [LogUtils] - Filled element with selector: #createProviderAccountForm_confirmPassword with text: 123456
[ERROR] 19-02-2025 16:06:11 [main] [LogUtils] - Failed to capture screenshot: Illegal char <:> at index 33: screenshots\setText_19/02/2025 16:06:11.png
[INFO] 19-02-2025 16:06:12 [main] [LogUtils] - Clicked element with selector: //*[@id="createProviderAccountForm"]/button
[ERROR] 19-02-2025 16:06:12 [main] [LogUtils] - Failed to capture screenshot: Illegal char <:> at index 38: screenshots\clickElement_19/02/2025 16:06:12.png
[ERROR] 19-02-2025 16:06:20 [main] [LogUtils] - Failed to capture screenshot: Illegal char <:> at index 54: screenshots\actionsPerformedInNewBrowser_19/02/2025 16:06:20.png
[INFO] 19-02-2025 16:06:20 [main] [LogUtils] - Returned to original browser instance.
[ERROR] 19-02-2025 16:06:20 [main] [LogUtils] - Failed to capture screenshot: Illegal char <:> at index 51: screenshots\returnedToOriginalBrowser_19/02/2025 16:06:20.png
[INFO] 19-02-2025 16:07:49 [main] [LogUtils] - Closing browser and cleaning up...
[INFO] 19-02-2025 16:16:09 [main] [LogUtils] - ********** RUN STARTED **********
[INFO] 19-02-2025 16:16:09 [main] [LogUtils] - ========= INSTALLING CONFIGURATION DATA =========
[INFO] 19-02-2025 16:16:09 [main] [LogUtils] - Warning !! Can not Load All File.
[INFO] 19-02-2025 16:16:09 [main] [LogUtils] - Warning !! Can not Load All File.
[INFO] 19-02-2025 16:16:10 [main] [LogUtils] - OVERRIDE EXTENT REPORTS = no
[INFO] 19-02-2025 16:16:10 [main] [LogUtils] - Link Extent Report: C:\Users\Gnana\IdeaProjects\PlaywrightJava\reports/ExtentReports\19_02_2025_16_16_10_ExtentReports.html
[INFO] 19-02-2025 16:16:11 [main] [LogUtils] - Extent Reports is installed.
[INFO] 19-02-2025 16:16:11 [main] [LogUtils] - ========= CONFIGURATION DATA INSTALLED =========
[INFO] 19-02-2025 16:16:11 [main] [LogUtils] - =====> Starting Suite: Regression Tests 
[INFO] 19-02-2025 16:16:11 [main] [LogUtils] - Excel File: C:\Users\Gnana\IdeaProjects\PlaywrightJava\src/test/resources/testdata/Common/ProviderData.xlsx
[INFO] 19-02-2025 16:16:11 [main] [LogUtils] - Sheet Name: SignIn
[INFO] 19-02-2025 16:16:13 [main] [LogUtils] - Row: 10 - Column: 2
[INFO] 19-02-2025 16:16:13 [main] [LogUtils] - StartRow: 2 - EndRow: 6
[INFO] 19-02-2025 16:16:14 [TestNG-PoolService-4] [LogUtils] - Creating Playwright instance using factory method...
[INFO] 19-02-2025 16:16:14 [TestNG-PoolService-5] [LogUtils] - Creating Playwright instance using factory method...
[INFO] 19-02-2025 16:16:14 [TestNG-PoolService-1] [LogUtils] - Creating Playwright instance using factory method...
[INFO] 19-02-2025 16:16:14 [TestNG-PoolService-2] [LogUtils] - Creating Playwright instance using factory method...
[INFO] 19-02-2025 16:16:14 [TestNG-PoolService-3] [LogUtils] - Creating Playwright instance using factory method...
[INFO] 19-02-2025 16:16:32 [TestNG-PoolService-1] [LogUtils] - Page instance created: com.microsoft.playwright.impl.PageImpl@357dba
[INFO] 19-02-2025 16:16:33 [TestNG-PoolService-1] [LogUtils] - Test case: loginWithValidCredentials is starting...
[INFO] 19-02-2025 16:16:33 [TestNG-PoolService-1] [LogUtils] - Created test: loginWithValidCredentials
[INFO] 19-02-2025 16:16:33 [TestNG-PoolService-1] [LogUtils] - Assigned author: Gnanapandithan
[INFO] 19-02-2025 16:16:33 [TestNG-PoolService-1] [LogUtils] - Assigned category: REGRESSION
[INFO] 19-02-2025 16:16:33 [TestNG-PoolService-1] [LogUtils] - Assigned device info: CHROME
[INFO] 19-02-2025 16:16:33 [TestNG-PoolService-1] [LogUtils] - Test info: Windows 10
[INFO] 19-02-2025 16:16:33 [TestNG-PoolService-1] [LogUtils] - Set Excel File: src/test/resources/testdata/Common/ProviderData.xlsx
[INFO] 19-02-2025 16:16:33 [TestNG-PoolService-1] [LogUtils] - Sheet Name: SignIn
[INFO] 19-02-2025 16:16:34 [TestNG-PoolService-1] [LogUtils] - Navigating to URL: https://staging.withassured.com/sign-in
[INFO] 19-02-2025 16:16:36 [TestNG-PoolService-4] [LogUtils] - Page instance created: com.microsoft.playwright.impl.PageImpl@7b5f0119
[ERROR] 19-02-2025 16:16:36 [TestNG-PoolService-1] [LogUtils] - Failed to capture screenshot: Illegal char <:> at index 34: screenshots\navigate_19/02/2025 16:16:36.png
[INFO] 19-02-2025 16:16:36 [TestNG-PoolService-4] [LogUtils] - Test case: loginWithValidCredentials is starting...
[INFO] 19-02-2025 16:16:36 [TestNG-PoolService-4] [LogUtils] - Created test: loginWithValidCredentials
[INFO] 19-02-2025 16:16:36 [TestNG-PoolService-4] [LogUtils] - Assigned author: Gnanapandithan
[INFO] 19-02-2025 16:16:36 [TestNG-PoolService-4] [LogUtils] - Assigned category: REGRESSION
[INFO] 19-02-2025 16:16:36 [TestNG-PoolService-4] [LogUtils] - Assigned device info: CHROME
[INFO] 19-02-2025 16:16:36 [TestNG-PoolService-4] [LogUtils] - Test info: Windows 10
[INFO] 19-02-2025 16:16:36 [TestNG-PoolService-4] [LogUtils] - Set Excel File: src/test/resources/testdata/Common/ProviderData.xlsx
[INFO] 19-02-2025 16:16:36 [TestNG-PoolService-4] [LogUtils] - Sheet Name: SignIn
[INFO] 19-02-2025 16:16:36 [TestNG-PoolService-1] [LogUtils] - Filling in email: cashierngan023@gmail.com
[INFO] 19-02-2025 16:16:36 [TestNG-PoolService-4] [LogUtils] - Navigating to URL: https://staging.withassured.com/sign-in
[INFO] 19-02-2025 16:16:37 [TestNG-PoolService-2] [LogUtils] - Page instance created: com.microsoft.playwright.impl.PageImpl@dbe1028
[INFO] 19-02-2025 16:16:37 [TestNG-PoolService-2] [LogUtils] - Test case: loginWithValidCredentials is starting...
[INFO] 19-02-2025 16:16:37 [TestNG-PoolService-2] [LogUtils] - Created test: loginWithValidCredentials
[INFO] 19-02-2025 16:16:37 [TestNG-PoolService-2] [LogUtils] - Assigned author: Gnanapandithan
[INFO] 19-02-2025 16:16:37 [TestNG-PoolService-2] [LogUtils] - Assigned category: REGRESSION
[INFO] 19-02-2025 16:16:37 [TestNG-PoolService-2] [LogUtils] - Assigned device info: CHROME
[INFO] 19-02-2025 16:16:37 [TestNG-PoolService-2] [LogUtils] - Test info: Windows 10
[INFO] 19-02-2025 16:16:37 [TestNG-PoolService-2] [LogUtils] - Set Excel File: src/test/resources/testdata/Common/ProviderData.xlsx
[INFO] 19-02-2025 16:16:37 [TestNG-PoolService-2] [LogUtils] - Sheet Name: SignIn
[INFO] 19-02-2025 16:16:37 [TestNG-PoolService-2] [LogUtils] - Navigating to URL: https://staging.withassured.com/sign-in
[ERROR] 19-02-2025 16:16:39 [TestNG-PoolService-2] [LogUtils] - Failed to capture screenshot: Illegal char <:> at index 34: screenshots\navigate_19/02/2025 16:16:39.png
[INFO] 19-02-2025 16:16:39 [TestNG-PoolService-2] [LogUtils] - Filling in email: abc@abc.com
[ERROR] 19-02-2025 16:16:40 [TestNG-PoolService-4] [LogUtils] - Failed to capture screenshot: Illegal char <:> at index 34: screenshots\navigate_19/02/2025 16:16:40.png
[INFO] 19-02-2025 16:16:40 [TestNG-PoolService-4] [LogUtils] - Filling in email: qazdqsd@lk.com
[INFO] 19-02-2025 16:16:41 [TestNG-PoolService-3] [LogUtils] - Page instance created: com.microsoft.playwright.impl.PageImpl@43997932
[INFO] 19-02-2025 16:16:41 [TestNG-PoolService-3] [LogUtils] - Test case: loginWithValidCredentials is starting...
[INFO] 19-02-2025 16:16:41 [TestNG-PoolService-3] [LogUtils] - Created test: loginWithValidCredentials
[INFO] 19-02-2025 16:16:41 [TestNG-PoolService-3] [LogUtils] - Assigned author: Gnanapandithan
[INFO] 19-02-2025 16:16:41 [TestNG-PoolService-3] [LogUtils] - Assigned category: REGRESSION
[INFO] 19-02-2025 16:16:41 [TestNG-PoolService-3] [LogUtils] - Assigned device info: CHROME
[INFO] 19-02-2025 16:16:41 [TestNG-PoolService-3] [LogUtils] - Test info: Windows 10
[INFO] 19-02-2025 16:16:41 [TestNG-PoolService-3] [LogUtils] - Set Excel File: src/test/resources/testdata/Common/ProviderData.xlsx
[INFO] 19-02-2025 16:16:41 [TestNG-PoolService-3] [LogUtils] - Sheet Name: SignIn
[INFO] 19-02-2025 16:16:41 [TestNG-PoolService-3] [LogUtils] - Navigating to URL: https://staging.withassured.com/sign-in
[INFO] 19-02-2025 16:16:42 [TestNG-PoolService-2] [LogUtils] - Filled element with selector: //*[@id='normal_login_email'] with text: abc@abc.com
[ERROR] 19-02-2025 16:16:42 [TestNG-PoolService-2] [LogUtils] - Failed to capture screenshot: Illegal char <:> at index 33: screenshots\setText_19/02/2025 16:16:42.png
[INFO] 19-02-2025 16:16:42 [TestNG-PoolService-2] [LogUtils] - Filling in password.
[ERROR] 19-02-2025 16:16:43 [TestNG-PoolService-3] [LogUtils] - Failed to capture screenshot: Illegal char <:> at index 34: screenshots\navigate_19/02/2025 16:16:43.png
[INFO] 19-02-2025 16:16:43 [TestNG-PoolService-3] [LogUtils] - Filling in email: bbcd@lk.com
[INFO] 19-02-2025 16:16:43 [TestNG-PoolService-2] [LogUtils] - Filled element with selector: //*[@id='normal_login_password'] with text: 12Bcd
[ERROR] 19-02-2025 16:16:43 [TestNG-PoolService-2] [LogUtils] - Failed to capture screenshot: Illegal char <:> at index 33: screenshots\setText_19/02/2025 16:16:43.png
[INFO] 19-02-2025 16:16:44 [TestNG-PoolService-3] [LogUtils] - Filled element with selector: //*[@id='normal_login_email'] with text: bbcd@lk.com
[ERROR] 19-02-2025 16:16:44 [TestNG-PoolService-3] [LogUtils] - Failed to capture screenshot: Illegal char <:> at index 33: screenshots\setText_19/02/2025 16:16:44.png
[INFO] 19-02-2025 16:16:44 [TestNG-PoolService-3] [LogUtils] - Filling in password.
[INFO] 19-02-2025 16:16:44 [TestNG-PoolService-3] [LogUtils] - Filled element with selector: //*[@id='normal_login_password'] with text: 789ght
[ERROR] 19-02-2025 16:16:44 [TestNG-PoolService-3] [LogUtils] - Failed to capture screenshot: Illegal char <:> at index 33: screenshots\setText_19/02/2025 16:16:44.png
[INFO] 19-02-2025 16:16:44 [TestNG-PoolService-1] [LogUtils] - Filled element with selector: //*[@id='normal_login_email'] with text: cashierngan023@gmail.com
[ERROR] 19-02-2025 16:16:44 [TestNG-PoolService-1] [LogUtils] - Failed to capture screenshot: Illegal char <:> at index 33: screenshots\setText_19/02/2025 16:16:44.png
[INFO] 19-02-2025 16:16:44 [TestNG-PoolService-1] [LogUtils] - Filling in password.
[INFO] 19-02-2025 16:16:45 [TestNG-PoolService-3] [LogUtils] - Clicked element with selector: //button[@type='submit']/span
[ERROR] 19-02-2025 16:16:45 [TestNG-PoolService-3] [LogUtils] - Failed to capture screenshot: Illegal char <:> at index 38: screenshots\clickElement_19/02/2025 16:16:45.png
[INFO] 19-02-2025 16:16:45 [TestNG-PoolService-3] [LogUtils] - Test case: loginWithValidCredentials passed.
[INFO] 19-02-2025 16:16:45 [TestNG-PoolService-3] [LogUtils] - Screenshot captured and saved for: loginWithValidCredentials
[INFO] 19-02-2025 16:16:45 [TestNG-PoolService-1] [LogUtils] - Filled element with selector: //*[@id='normal_login_password'] with text: abc12
[ERROR] 19-02-2025 16:16:45 [TestNG-PoolService-1] [LogUtils] - Failed to capture screenshot: Illegal char <:> at index 33: screenshots\setText_19/02/2025 16:16:45.png
[INFO] 19-02-2025 16:16:45 [TestNG-PoolService-3] [LogUtils] - Screenshot added with status: Pass | Name: loginWithValidCredentials - 1739962005466
[INFO] 19-02-2025 16:16:45 [TestNG-PoolService-3] [LogUtils] - Log message with status Pass: Test case: loginWithValidCredentials passed.
[INFO] 19-02-2025 16:16:46 [TestNG-PoolService-3] [LogUtils] - Closing browser and cleaning up...
[INFO] 19-02-2025 16:16:46 [TestNG-PoolService-4] [LogUtils] - Filled element with selector: //*[@id='normal_login_email'] with text: qazdqsd@lk.com
[ERROR] 19-02-2025 16:16:46 [TestNG-PoolService-4] [LogUtils] - Failed to capture screenshot: Illegal char <:> at index 33: screenshots\setText_19/02/2025 16:16:46.png
[INFO] 19-02-2025 16:16:46 [TestNG-PoolService-4] [LogUtils] - Filling in password.
[INFO] 19-02-2025 16:16:46 [TestNG-PoolService-4] [LogUtils] - Filled element with selector: //*[@id='normal_login_password'] with text: abc32
[ERROR] 19-02-2025 16:16:46 [TestNG-PoolService-4] [LogUtils] - Failed to capture screenshot: Illegal char <:> at index 33: screenshots\setText_19/02/2025 16:16:46.png
[INFO] 19-02-2025 16:16:48 [TestNG-PoolService-5] [LogUtils] - Page instance created: com.microsoft.playwright.impl.PageImpl@62e15778
[INFO] 19-02-2025 16:16:48 [TestNG-PoolService-5] [LogUtils] - Test case: loginWithValidCredentials is starting...
[INFO] 19-02-2025 16:16:48 [TestNG-PoolService-5] [LogUtils] - Created test: loginWithValidCredentials
[INFO] 19-02-2025 16:16:48 [TestNG-PoolService-5] [LogUtils] - Assigned author: Gnanapandithan
[INFO] 19-02-2025 16:16:48 [TestNG-PoolService-5] [LogUtils] - Assigned category: REGRESSION
[INFO] 19-02-2025 16:16:48 [TestNG-PoolService-5] [LogUtils] - Assigned device info: CHROME
[INFO] 19-02-2025 16:16:48 [TestNG-PoolService-5] [LogUtils] - Test info: Windows 10
[INFO] 19-02-2025 16:16:48 [TestNG-PoolService-5] [LogUtils] - Set Excel File: src/test/resources/testdata/Common/ProviderData.xlsx
[INFO] 19-02-2025 16:16:48 [TestNG-PoolService-5] [LogUtils] - Sheet Name: SignIn
[INFO] 19-02-2025 16:16:48 [TestNG-PoolService-5] [LogUtils] - Navigating to URL: https://staging.withassured.com/sign-in
[ERROR] 19-02-2025 16:16:50 [TestNG-PoolService-5] [LogUtils] - Failed to capture screenshot: Illegal char <:> at index 34: screenshots\navigate_19/02/2025 16:16:50.png
[INFO] 19-02-2025 16:16:50 [TestNG-PoolService-5] [LogUtils] - Filling in email: hjkl@ik.com
[INFO] 19-02-2025 16:16:50 [TestNG-PoolService-5] [LogUtils] - Filled element with selector: //*[@id='normal_login_email'] with text: hjkl@ik.com
[ERROR] 19-02-2025 16:16:50 [TestNG-PoolService-5] [LogUtils] - Failed to capture screenshot: Illegal char <:> at index 33: screenshots\setText_19/02/2025 16:16:50.png
[INFO] 19-02-2025 16:16:50 [TestNG-PoolService-5] [LogUtils] - Filling in password.
[INFO] 19-02-2025 16:16:50 [TestNG-PoolService-5] [LogUtils] - Filled element with selector: //*[@id='normal_login_password'] with text: sdkjf1231
[ERROR] 19-02-2025 16:16:50 [TestNG-PoolService-5] [LogUtils] - Failed to capture screenshot: Illegal char <:> at index 33: screenshots\setText_19/02/2025 16:16:50.png
[INFO] 19-02-2025 16:16:50 [TestNG-PoolService-5] [LogUtils] - Clicked element with selector: //button[@type='submit']/span
[ERROR] 19-02-2025 16:16:50 [TestNG-PoolService-5] [LogUtils] - Failed to capture screenshot: Illegal char <:> at index 38: screenshots\clickElement_19/02/2025 16:16:50.png
[INFO] 19-02-2025 16:16:50 [TestNG-PoolService-5] [LogUtils] - Test case: loginWithValidCredentials passed.
[INFO] 19-02-2025 16:16:51 [TestNG-PoolService-5] [LogUtils] - Screenshot captured and saved for: loginWithValidCredentials
[INFO] 19-02-2025 16:16:51 [TestNG-PoolService-5] [LogUtils] - Screenshot added with status: Pass | Name: loginWithValidCredentials - 1739962011054
[INFO] 19-02-2025 16:16:51 [TestNG-PoolService-5] [LogUtils] - Log message with status Pass: Test case: loginWithValidCredentials passed.
[INFO] 19-02-2025 16:16:51 [TestNG-PoolService-5] [LogUtils] - Closing browser and cleaning up...
[INFO] 19-02-2025 16:16:51 [TestNG-PoolService-2] [LogUtils] - Clicked element with selector: //button[@type='submit']/span
[ERROR] 19-02-2025 16:16:51 [TestNG-PoolService-2] [LogUtils] - Failed to capture screenshot: Illegal char <:> at index 38: screenshots\clickElement_19/02/2025 16:16:51.png
[INFO] 19-02-2025 16:16:51 [TestNG-PoolService-2] [LogUtils] - Test case: loginWithValidCredentials passed.
[INFO] 19-02-2025 16:16:51 [TestNG-PoolService-2] [LogUtils] - Screenshot captured and saved for: loginWithValidCredentials
[INFO] 19-02-2025 16:16:52 [TestNG-PoolService-2] [LogUtils] - Screenshot added with status: Pass | Name: loginWithValidCredentials - 1739962011854
[INFO] 19-02-2025 16:16:52 [TestNG-PoolService-2] [LogUtils] - Log message with status Pass: Test case: loginWithValidCredentials passed.
[INFO] 19-02-2025 16:16:52 [TestNG-PoolService-2] [LogUtils] - Closing browser and cleaning up...
[INFO] 19-02-2025 16:16:53 [TestNG-PoolService-4] [LogUtils] - Clicked element with selector: //button[@type='submit']/span
[ERROR] 19-02-2025 16:16:53 [TestNG-PoolService-4] [LogUtils] - Failed to capture screenshot: Illegal char <:> at index 38: screenshots\clickElement_19/02/2025 16:16:53.png
[INFO] 19-02-2025 16:16:53 [TestNG-PoolService-4] [LogUtils] - Test case: loginWithValidCredentials passed.
[INFO] 19-02-2025 16:16:53 [TestNG-PoolService-4] [LogUtils] - Screenshot captured and saved for: loginWithValidCredentials
[INFO] 19-02-2025 16:16:53 [TestNG-PoolService-4] [LogUtils] - Screenshot added with status: Pass | Name: loginWithValidCredentials - 1739962013637
[INFO] 19-02-2025 16:16:53 [TestNG-PoolService-4] [LogUtils] - Log message with status Pass: Test case: loginWithValidCredentials passed.
[INFO] 19-02-2025 16:16:53 [TestNG-PoolService-4] [LogUtils] - Closing browser and cleaning up...
[INFO] 19-02-2025 16:16:54 [TestNG-PoolService-1] [LogUtils] - Clicked element with selector: //button[@type='submit']/span
[ERROR] 19-02-2025 16:16:54 [TestNG-PoolService-1] [LogUtils] - Failed to capture screenshot: Illegal char <:> at index 38: screenshots\clickElement_19/02/2025 16:16:54.png
[INFO] 19-02-2025 16:16:54 [TestNG-PoolService-1] [LogUtils] - Test case: loginWithValidCredentials passed.
[INFO] 19-02-2025 16:16:55 [TestNG-PoolService-1] [LogUtils] - Screenshot captured and saved for: loginWithValidCredentials
[INFO] 19-02-2025 16:16:55 [TestNG-PoolService-1] [LogUtils] - Screenshot added with status: Pass | Name: loginWithValidCredentials - 1739962015143
[INFO] 19-02-2025 16:16:55 [TestNG-PoolService-1] [LogUtils] - Log message with status Pass: Test case: loginWithValidCredentials passed.
[INFO] 19-02-2025 16:16:55 [TestNG-PoolService-1] [LogUtils] - Closing browser and cleaning up...
[INFO] 19-02-2025 16:16:57 [main] [LogUtils] - Excel File: C:\Users\Gnana\IdeaProjects\PlaywrightJava\src/test/resources/testdata/Common/ProviderData.xlsx
[INFO] 19-02-2025 16:16:57 [main] [LogUtils] - Sheet Name: SignIn
[INFO] 19-02-2025 16:16:57 [main] [LogUtils] - Row: 10 - Column: 2
[INFO] 19-02-2025 16:16:57 [main] [LogUtils] - StartRow: 2 - EndRow: 6
[INFO] 19-02-2025 16:16:57 [TestNG-PoolService-1] [LogUtils] - Creating Playwright instance using factory method...
[INFO] 19-02-2025 16:16:57 [TestNG-PoolService-2] [LogUtils] - Creating Playwright instance using factory method...
[INFO] 19-02-2025 16:16:57 [TestNG-PoolService-3] [LogUtils] - Creating Playwright instance using factory method...
[INFO] 19-02-2025 16:16:57 [TestNG-PoolService-4] [LogUtils] - Creating Playwright instance using factory method...
[INFO] 19-02-2025 16:16:57 [TestNG-PoolService-5] [LogUtils] - Creating Playwright instance using factory method...
[INFO] 19-02-2025 16:17:05 [TestNG-PoolService-5] [LogUtils] - Page instance created: com.microsoft.playwright.impl.PageImpl@72c7108c
[INFO] 19-02-2025 16:17:05 [TestNG-PoolService-5] [LogUtils] - Test case: loginWithInValidCredentials is starting...
[INFO] 19-02-2025 16:17:05 [TestNG-PoolService-5] [LogUtils] - Created test: loginWithInValidCredentials
[INFO] 19-02-2025 16:17:05 [TestNG-PoolService-5] [LogUtils] - Assigned author: Gnanapandithan
[INFO] 19-02-2025 16:17:05 [TestNG-PoolService-5] [LogUtils] - Assigned category: REGRESSION
[INFO] 19-02-2025 16:17:05 [TestNG-PoolService-5] [LogUtils] - Assigned device info: CHROME
[INFO] 19-02-2025 16:17:05 [TestNG-PoolService-5] [LogUtils] - Test info: Windows 10
[INFO] 19-02-2025 16:17:05 [TestNG-PoolService-5] [LogUtils] - Set Excel File: src/test/resources/testdata/Common/ProviderData.xlsx
[INFO] 19-02-2025 16:17:05 [TestNG-PoolService-5] [LogUtils] - Sheet Name: SignIn
[INFO] 19-02-2025 16:17:05 [TestNG-PoolService-5] [LogUtils] - Navigating to URL: https://staging.withassured.com/sign-in
[ERROR] 19-02-2025 16:17:08 [TestNG-PoolService-5] [LogUtils] - Failed to capture screenshot: Illegal char <:> at index 34: screenshots\navigate_19/02/2025 16:17:08.png
[INFO] 19-02-2025 16:17:08 [TestNG-PoolService-5] [LogUtils] - Filling in email: hjkl@ik.com
[INFO] 19-02-2025 16:17:08 [TestNG-PoolService-5] [LogUtils] - Filled element with selector: //*[@id='normal_login_email'] with text: hjkl@ik.com
[ERROR] 19-02-2025 16:17:08 [TestNG-PoolService-5] [LogUtils] - Failed to capture screenshot: Illegal char <:> at index 33: screenshots\setText_19/02/2025 16:17:08.png
[INFO] 19-02-2025 16:17:08 [TestNG-PoolService-5] [LogUtils] - Filling in password.
[INFO] 19-02-2025 16:17:08 [TestNG-PoolService-5] [LogUtils] - Filled element with selector: //*[@id='normal_login_password'] with text: sdkjf1231
[ERROR] 19-02-2025 16:17:08 [TestNG-PoolService-5] [LogUtils] - Failed to capture screenshot: Illegal char <:> at index 33: screenshots\setText_19/02/2025 16:17:08.png
[INFO] 19-02-2025 16:17:09 [TestNG-PoolService-2] [LogUtils] - Page instance created: com.microsoft.playwright.impl.PageImpl@628c80d7
[INFO] 19-02-2025 16:17:09 [TestNG-PoolService-2] [LogUtils] - Test case: loginWithInValidCredentials is starting...
[INFO] 19-02-2025 16:17:09 [TestNG-PoolService-2] [LogUtils] - Created test: loginWithInValidCredentials
[INFO] 19-02-2025 16:17:09 [TestNG-PoolService-2] [LogUtils] - Assigned author: Gnanapandithan
[INFO] 19-02-2025 16:17:09 [TestNG-PoolService-2] [LogUtils] - Assigned category: REGRESSION
[INFO] 19-02-2025 16:17:09 [TestNG-PoolService-2] [LogUtils] - Assigned device info: CHROME
[INFO] 19-02-2025 16:17:09 [TestNG-PoolService-2] [LogUtils] - Test info: Windows 10
[INFO] 19-02-2025 16:17:09 [TestNG-PoolService-2] [LogUtils] - Set Excel File: src/test/resources/testdata/Common/ProviderData.xlsx
[INFO] 19-02-2025 16:17:09 [TestNG-PoolService-2] [LogUtils] - Sheet Name: SignIn
[INFO] 19-02-2025 16:17:10 [TestNG-PoolService-2] [LogUtils] - Navigating to URL: https://staging.withassured.com/sign-in
[INFO] 19-02-2025 16:17:10 [TestNG-PoolService-5] [LogUtils] - Clicked element with selector: //button[@type='submit']/span
[ERROR] 19-02-2025 16:17:10 [TestNG-PoolService-5] [LogUtils] - Failed to capture screenshot: Illegal char <:> at index 38: screenshots\clickElement_19/02/2025 16:17:10.png
[INFO] 19-02-2025 16:17:10 [TestNG-PoolService-5] [LogUtils] - Test case: loginWithInValidCredentials passed.
[INFO] 19-02-2025 16:17:11 [TestNG-PoolService-5] [LogUtils] - Screenshot captured and saved for: loginWithInValidCredentials
[INFO] 19-02-2025 16:17:12 [TestNG-PoolService-5] [LogUtils] - Screenshot added with status: Pass | Name: loginWithInValidCredentials - 1739962031475
[INFO] 19-02-2025 16:17:12 [TestNG-PoolService-5] [LogUtils] - Log message with status Pass: Test case: loginWithInValidCredentials passed.
[ERROR] 19-02-2025 16:17:12 [TestNG-PoolService-2] [LogUtils] - Failed to capture screenshot: Illegal char <:> at index 34: screenshots\navigate_19/02/2025 16:17:12.png
[INFO] 19-02-2025 16:17:12 [TestNG-PoolService-2] [LogUtils] - Filling in email: abc@abc.com
[INFO] 19-02-2025 16:17:12 [TestNG-PoolService-5] [LogUtils] - Closing browser and cleaning up...
[INFO] 19-02-2025 16:17:13 [TestNG-PoolService-3] [LogUtils] - Page instance created: com.microsoft.playwright.impl.PageImpl@5e73464
[INFO] 19-02-2025 16:17:13 [TestNG-PoolService-3] [LogUtils] - Test case: loginWithInValidCredentials is starting...
[INFO] 19-02-2025 16:17:13 [TestNG-PoolService-3] [LogUtils] - Created test: loginWithInValidCredentials
[INFO] 19-02-2025 16:17:13 [TestNG-PoolService-3] [LogUtils] - Assigned author: Gnanapandithan
[INFO] 19-02-2025 16:17:13 [TestNG-PoolService-3] [LogUtils] - Assigned category: REGRESSION
[INFO] 19-02-2025 16:17:13 [TestNG-PoolService-3] [LogUtils] - Assigned device info: CHROME
[INFO] 19-02-2025 16:17:13 [TestNG-PoolService-3] [LogUtils] - Test info: Windows 10
[INFO] 19-02-2025 16:17:13 [TestNG-PoolService-3] [LogUtils] - Set Excel File: src/test/resources/testdata/Common/ProviderData.xlsx
[INFO] 19-02-2025 16:17:13 [TestNG-PoolService-3] [LogUtils] - Sheet Name: SignIn
[INFO] 19-02-2025 16:17:13 [TestNG-PoolService-3] [LogUtils] - Navigating to URL: https://staging.withassured.com/sign-in
[INFO] 19-02-2025 16:17:14 [TestNG-PoolService-2] [LogUtils] - Filled element with selector: //*[@id='normal_login_email'] with text: abc@abc.com
[ERROR] 19-02-2025 16:17:14 [TestNG-PoolService-2] [LogUtils] - Failed to capture screenshot: Illegal char <:> at index 33: screenshots\setText_19/02/2025 16:17:14.png
[INFO] 19-02-2025 16:17:14 [TestNG-PoolService-2] [LogUtils] - Filling in password.
[INFO] 19-02-2025 16:17:14 [TestNG-PoolService-2] [LogUtils] - Filled element with selector: //*[@id='normal_login_password'] with text: 12Bcd
[ERROR] 19-02-2025 16:17:14 [TestNG-PoolService-2] [LogUtils] - Failed to capture screenshot: Illegal char <:> at index 33: screenshots\setText_19/02/2025 16:17:14.png
[ERROR] 19-02-2025 16:17:17 [TestNG-PoolService-3] [LogUtils] - Failed to capture screenshot: Illegal char <:> at index 34: screenshots\navigate_19/02/2025 16:17:17.png
[INFO] 19-02-2025 16:17:17 [TestNG-PoolService-3] [LogUtils] - Filling in email: bbcd@lk.com
[INFO] 19-02-2025 16:17:17 [TestNG-PoolService-3] [LogUtils] - Filled element with selector: //*[@id='normal_login_email'] with text: bbcd@lk.com
[ERROR] 19-02-2025 16:17:17 [TestNG-PoolService-3] [LogUtils] - Failed to capture screenshot: Illegal char <:> at index 33: screenshots\setText_19/02/2025 16:17:17.png
[INFO] 19-02-2025 16:17:17 [TestNG-PoolService-3] [LogUtils] - Filling in password.
[INFO] 19-02-2025 16:17:17 [TestNG-PoolService-3] [LogUtils] - Filled element with selector: //*[@id='normal_login_password'] with text: 789ght
[ERROR] 19-02-2025 16:17:17 [TestNG-PoolService-3] [LogUtils] - Failed to capture screenshot: Illegal char <:> at index 33: screenshots\setText_19/02/2025 16:17:17.png
[INFO] 19-02-2025 16:17:17 [TestNG-PoolService-3] [LogUtils] - Clicked element with selector: //button[@type='submit']/span
[ERROR] 19-02-2025 16:17:17 [TestNG-PoolService-3] [LogUtils] - Failed to capture screenshot: Illegal char <:> at index 38: screenshots\clickElement_19/02/2025 16:17:17.png
[INFO] 19-02-2025 16:17:17 [TestNG-PoolService-3] [LogUtils] - Test case: loginWithInValidCredentials passed.
[INFO] 19-02-2025 16:17:17 [TestNG-PoolService-3] [LogUtils] - Screenshot captured and saved for: loginWithInValidCredentials
[INFO] 19-02-2025 16:17:17 [TestNG-PoolService-3] [LogUtils] - Screenshot added with status: Pass | Name: loginWithInValidCredentials - 1739962037700
[INFO] 19-02-2025 16:17:17 [TestNG-PoolService-3] [LogUtils] - Log message with status Pass: Test case: loginWithInValidCredentials passed.
[INFO] 19-02-2025 16:17:18 [TestNG-PoolService-3] [LogUtils] - Closing browser and cleaning up...
[INFO] 19-02-2025 16:17:19 [TestNG-PoolService-2] [LogUtils] - Clicked element with selector: //button[@type='submit']/span
[ERROR] 19-02-2025 16:17:19 [TestNG-PoolService-2] [LogUtils] - Failed to capture screenshot: Illegal char <:> at index 38: screenshots\clickElement_19/02/2025 16:17:19.png
[INFO] 19-02-2025 16:17:19 [TestNG-PoolService-2] [LogUtils] - Test case: loginWithInValidCredentials passed.
[INFO] 19-02-2025 16:17:19 [TestNG-PoolService-2] [LogUtils] - Screenshot captured and saved for: loginWithInValidCredentials
[INFO] 19-02-2025 16:17:19 [TestNG-PoolService-2] [LogUtils] - Screenshot added with status: Pass | Name: loginWithInValidCredentials - 1739962039483
[INFO] 19-02-2025 16:17:19 [TestNG-PoolService-2] [LogUtils] - Log message with status Pass: Test case: loginWithInValidCredentials passed.
[INFO] 19-02-2025 16:17:19 [TestNG-PoolService-2] [LogUtils] - Closing browser and cleaning up...
[INFO] 19-02-2025 16:17:20 [TestNG-PoolService-1] [LogUtils] - Page instance created: com.microsoft.playwright.impl.PageImpl@139155a3
[INFO] 19-02-2025 16:17:20 [TestNG-PoolService-1] [LogUtils] - Test case: loginWithInValidCredentials is starting...
[INFO] 19-02-2025 16:17:20 [TestNG-PoolService-1] [LogUtils] - Created test: loginWithInValidCredentials
[INFO] 19-02-2025 16:17:20 [TestNG-PoolService-1] [LogUtils] - Assigned author: Gnanapandithan
[INFO] 19-02-2025 16:17:20 [TestNG-PoolService-1] [LogUtils] - Assigned category: REGRESSION
[INFO] 19-02-2025 16:17:20 [TestNG-PoolService-1] [LogUtils] - Assigned device info: CHROME
[INFO] 19-02-2025 16:17:20 [TestNG-PoolService-1] [LogUtils] - Test info: Windows 10
[INFO] 19-02-2025 16:17:20 [TestNG-PoolService-1] [LogUtils] - Set Excel File: src/test/resources/testdata/Common/ProviderData.xlsx
[INFO] 19-02-2025 16:17:20 [TestNG-PoolService-1] [LogUtils] - Sheet Name: SignIn
[INFO] 19-02-2025 16:17:20 [TestNG-PoolService-1] [LogUtils] - Navigating to URL: https://staging.withassured.com/sign-in
[ERROR] 19-02-2025 16:17:22 [TestNG-PoolService-1] [LogUtils] - Failed to capture screenshot: Illegal char <:> at index 34: screenshots\navigate_19/02/2025 16:17:22.png
[INFO] 19-02-2025 16:17:22 [TestNG-PoolService-1] [LogUtils] - Filling in email: cashierngan023@gmail.com
[INFO] 19-02-2025 16:17:23 [TestNG-PoolService-1] [LogUtils] - Filled element with selector: //*[@id='normal_login_email'] with text: cashierngan023@gmail.com
[ERROR] 19-02-2025 16:17:23 [TestNG-PoolService-1] [LogUtils] - Failed to capture screenshot: Illegal char <:> at index 33: screenshots\setText_19/02/2025 16:17:23.png
[INFO] 19-02-2025 16:17:23 [TestNG-PoolService-1] [LogUtils] - Filling in password.
[INFO] 19-02-2025 16:17:23 [TestNG-PoolService-1] [LogUtils] - Filled element with selector: //*[@id='normal_login_password'] with text: abc12
[ERROR] 19-02-2025 16:17:23 [TestNG-PoolService-1] [LogUtils] - Failed to capture screenshot: Illegal char <:> at index 33: screenshots\setText_19/02/2025 16:17:23.png
[INFO] 19-02-2025 16:17:23 [TestNG-PoolService-1] [LogUtils] - Clicked element with selector: //button[@type='submit']/span
[ERROR] 19-02-2025 16:17:23 [TestNG-PoolService-1] [LogUtils] - Failed to capture screenshot: Illegal char <:> at index 38: screenshots\clickElement_19/02/2025 16:17:23.png
[INFO] 19-02-2025 16:17:23 [TestNG-PoolService-1] [LogUtils] - Test case: loginWithInValidCredentials passed.
[INFO] 19-02-2025 16:17:23 [TestNG-PoolService-1] [LogUtils] - Screenshot captured and saved for: loginWithInValidCredentials
[INFO] 19-02-2025 16:17:23 [TestNG-PoolService-1] [LogUtils] - Screenshot added with status: Pass | Name: loginWithInValidCredentials - 1739962043587
[INFO] 19-02-2025 16:17:23 [TestNG-PoolService-1] [LogUtils] - Log message with status Pass: Test case: loginWithInValidCredentials passed.
[INFO] 19-02-2025 16:17:23 [TestNG-PoolService-1] [LogUtils] - Closing browser and cleaning up...
[INFO] 19-02-2025 16:17:56 [TestNG-PoolService-4] [LogUtils] - Page instance created: com.microsoft.playwright.impl.PageImpl@5ba0a935
[INFO] 19-02-2025 16:17:56 [TestNG-PoolService-4] [LogUtils] - Test case: loginWithInValidCredentials is starting...
[INFO] 19-02-2025 16:17:56 [TestNG-PoolService-4] [LogUtils] - Created test: loginWithInValidCredentials
[INFO] 19-02-2025 16:17:56 [TestNG-PoolService-4] [LogUtils] - Assigned author: Gnanapandithan
[INFO] 19-02-2025 16:17:56 [TestNG-PoolService-4] [LogUtils] - Assigned category: REGRESSION
[INFO] 19-02-2025 16:17:56 [TestNG-PoolService-4] [LogUtils] - Assigned device info: CHROME
[INFO] 19-02-2025 16:17:56 [TestNG-PoolService-4] [LogUtils] - Test info: Windows 10
[INFO] 19-02-2025 16:17:56 [TestNG-PoolService-4] [LogUtils] - Set Excel File: src/test/resources/testdata/Common/ProviderData.xlsx
[INFO] 19-02-2025 16:17:56 [TestNG-PoolService-4] [LogUtils] - Sheet Name: SignIn
[INFO] 19-02-2025 16:17:56 [TestNG-PoolService-4] [LogUtils] - Navigating to URL: https://staging.withassured.com/sign-in
[ERROR] 19-02-2025 16:17:58 [TestNG-PoolService-4] [LogUtils] - Failed to capture screenshot: Illegal char <:> at index 34: screenshots\navigate_19/02/2025 16:17:58.png
[INFO] 19-02-2025 16:17:58 [TestNG-PoolService-4] [LogUtils] - Filling in email: qazdqsd@lk.com
[INFO] 19-02-2025 16:17:58 [TestNG-PoolService-4] [LogUtils] - Filled element with selector: //*[@id='normal_login_email'] with text: qazdqsd@lk.com
[ERROR] 19-02-2025 16:17:58 [TestNG-PoolService-4] [LogUtils] - Failed to capture screenshot: Illegal char <:> at index 33: screenshots\setText_19/02/2025 16:17:58.png
[INFO] 19-02-2025 16:17:58 [TestNG-PoolService-4] [LogUtils] - Filling in password.
[INFO] 19-02-2025 16:17:58 [TestNG-PoolService-4] [LogUtils] - Filled element with selector: //*[@id='normal_login_password'] with text: abc32
[ERROR] 19-02-2025 16:17:58 [TestNG-PoolService-4] [LogUtils] - Failed to capture screenshot: Illegal char <:> at index 33: screenshots\setText_19/02/2025 16:17:58.png
[INFO] 19-02-2025 16:17:59 [TestNG-PoolService-4] [LogUtils] - Clicked element with selector: //button[@type='submit']/span
[ERROR] 19-02-2025 16:17:59 [TestNG-PoolService-4] [LogUtils] - Failed to capture screenshot: Illegal char <:> at index 38: screenshots\clickElement_19/02/2025 16:17:59.png
[INFO] 19-02-2025 16:17:59 [TestNG-PoolService-4] [LogUtils] - Test case: loginWithInValidCredentials passed.
[INFO] 19-02-2025 16:17:59 [TestNG-PoolService-4] [LogUtils] - Screenshot captured and saved for: loginWithInValidCredentials
[INFO] 19-02-2025 16:17:59 [TestNG-PoolService-4] [LogUtils] - Screenshot added with status: Pass | Name: loginWithInValidCredentials - 1739962079400
[INFO] 19-02-2025 16:17:59 [TestNG-PoolService-4] [LogUtils] - Log message with status Pass: Test case: loginWithInValidCredentials passed.
[INFO] 19-02-2025 16:17:59 [TestNG-PoolService-4] [LogUtils] - Closing browser and cleaning up...
[INFO] 19-02-2025 16:18:01 [main] [LogUtils] - Creating Playwright instance using factory method...
[INFO] 19-02-2025 16:18:06 [main] [LogUtils] - Page instance created: com.microsoft.playwright.impl.PageImpl@18df26a1
[INFO] 19-02-2025 16:18:06 [main] [LogUtils] - Test case: urlTest is starting...
[INFO] 19-02-2025 16:18:06 [main] [LogUtils] - Created test: urlTest
[INFO] 19-02-2025 16:18:06 [main] [LogUtils] - Assigned default author: Gp
[INFO] 19-02-2025 16:18:06 [main] [LogUtils] - Assigned default category: REGRESSION
[INFO] 19-02-2025 16:18:06 [main] [LogUtils] - Assigned device info: CHROME
[INFO] 19-02-2025 16:18:06 [main] [LogUtils] - Test info: Windows 10
[INFO] 19-02-2025 16:18:06 [main] [LogUtils] - Navigating to URL: https://staging.withassured.com/sign-in
[ERROR] 19-02-2025 16:18:08 [main] [LogUtils] - Failed to capture screenshot: Illegal char <:> at index 34: screenshots\navigate_19/02/2025 16:18:08.png
[INFO] 19-02-2025 16:18:08 [main] [LogUtils] - Filling in email: 
[INFO] 19-02-2025 16:18:09 [main] [LogUtils] - Filled element with selector: //*[@id='normal_login_email'] with text: abc@gmail.com
[ERROR] 19-02-2025 16:18:09 [main] [LogUtils] - Failed to capture screenshot: Illegal char <:> at index 33: screenshots\setText_19/02/2025 16:18:09.png
[INFO] 19-02-2025 16:18:09 [main] [LogUtils] - Filling in password.
[INFO] 19-02-2025 16:18:09 [main] [LogUtils] - Filled element with selector: //*[@id='normal_login_password'] with text: abc
[ERROR] 19-02-2025 16:18:09 [main] [LogUtils] - Failed to capture screenshot: Illegal char <:> at index 33: screenshots\setText_19/02/2025 16:18:09.png
[INFO] 19-02-2025 16:18:17 [main] [LogUtils] - Requesting inbox for domain: private
[INFO] 19-02-2025 16:18:21 [main] [LogUtils] - Inbox received with 2 messages
[INFO] 19-02-2025 16:18:21 [main] [LogUtils] - Using latest message with id: abc1-1739950473-096790445903 and subject: Onboarding Invite
[WARN] 19-02-2025 16:18:21 [main] [LogUtils] - No URL found in subject. Trying links API for message id: abc1-1739950473-096790445903
[INFO] 19-02-2025 16:18:21 [main] [LogUtils] - Retrieved URL from links API: https://u24054449.ct.sendgrid.net/ls/click?upn=u001.uKTWfX-2BO7Cb7TshAM6sZKbEPm9EMqm9C4ZEtr6uuLun9WzqgtnF82p3mwtRkl8l6kvdK8O79Pbe-2By3oL-2FOovgRLsrvxOzFcLWjUmVZHFMSYxo4pL31ysTAxDgWi-2Fwl0d0Jv6j8337M1PQbHn-2ByF47HgZDmSJNIFOvhKkd7IfvuM6znFEt-2FOISzGeIcttEy4-2BWTLn-2FgGZuh0Kac4oEb-2FZCXOr5CP5CSu9XgxaIH-2Bc-2Bm4-3D2Wh3_xLcdvdxf4Fza8LcvkLiN7T2R0LE0AEGF9w71ltIf1dxiZxztG-2F-2FFBy-2BaknjWuan3S1snGKvnNFWrh23JyDr48xvjv0dlzKjn1dUx-2Bjfe4ts5ag6-2BwzCnl-2FZ326a1ofJ8-2FiCsyQdtU-2FZmGwg-2FjtBdre5IY9Z9gsksZJ8r1Gj1L-2B3m4jaUdkHXbuq6yeCCyA6s8KpriBzD68H3qMsG8XvO2KY7zOIP-2BmqG3edPLLi-2FPh9Wcg4qm-2BmrKBikVjc9WAR0Z3qS9nt0nZUBb-2B4JIS1m1413YY97apufSEOOPaTeY0cfEu8AH5ioknwUlO4kqrMdORl3iS1-2F1-2FVVpR277A6VplRmMI-2F0jr3FqFwr-2B4Oi-2FQIazlEHpgTDqFv2kt91vpfCsArmQ7zANCgqo-2F-2FFwTKsdGdnAyXYV6vQ5SVTcN-2FIgasA3VV0iCIpU87NPimhbI-2B3fkSN9HpyykeAusTdKk62Vw-3D-3D
[INFO] 19-02-2025 16:18:27 [main] [LogUtils] - Opened new browser instance for additional actions.
[ERROR] 19-02-2025 16:18:27 [main] [LogUtils] - Failed to capture screenshot: Illegal char <:> at index 42: screenshots\newBrowserOpened_19/02/2025 16:18:27.png
[INFO] 19-02-2025 16:18:27 [main] [LogUtils] - Navigating to URL: https://u24054449.ct.sendgrid.net/ls/click?upn=u001.uKTWfX-2BO7Cb7TshAM6sZKbEPm9EMqm9C4ZEtr6uuLun9WzqgtnF82p3mwtRkl8l6kvdK8O79Pbe-2By3oL-2FOovgRLsrvxOzFcLWjUmVZHFMSYxo4pL31ysTAxDgWi-2Fwl0d0Jv6j8337M1PQbHn-2ByF47HgZDmSJNIFOvhKkd7IfvuM6znFEt-2FOISzGeIcttEy4-2BWTLn-2FgGZuh0Kac4oEb-2FZCXOr5CP5CSu9XgxaIH-2Bc-2Bm4-3D2Wh3_xLcdvdxf4Fza8LcvkLiN7T2R0LE0AEGF9w71ltIf1dxiZxztG-2F-2FFBy-2BaknjWuan3S1snGKvnNFWrh23JyDr48xvjv0dlzKjn1dUx-2Bjfe4ts5ag6-2BwzCnl-2FZ326a1ofJ8-2FiCsyQdtU-2FZmGwg-2FjtBdre5IY9Z9gsksZJ8r1Gj1L-2B3m4jaUdkHXbuq6yeCCyA6s8KpriBzD68H3qMsG8XvO2KY7zOIP-2BmqG3edPLLi-2FPh9Wcg4qm-2BmrKBikVjc9WAR0Z3qS9nt0nZUBb-2B4JIS1m1413YY97apufSEOOPaTeY0cfEu8AH5ioknwUlO4kqrMdORl3iS1-2F1-2FVVpR277A6VplRmMI-2F0jr3FqFwr-2B4Oi-2FQIazlEHpgTDqFv2kt91vpfCsArmQ7zANCgqo-2F-2FFwTKsdGdnAyXYV6vQ5SVTcN-2FIgasA3VV0iCIpU87NPimhbI-2B3fkSN9HpyykeAusTdKk62Vw-3D-3D
[ERROR] 19-02-2025 16:18:30 [main] [LogUtils] - Failed to capture screenshot: Illegal char <:> at index 34: screenshots\navigate_19/02/2025 16:18:30.png
[INFO] 19-02-2025 16:18:30 [main] [LogUtils] - Filled element with selector: #createProviderAccountForm_password with text: 123456
[ERROR] 19-02-2025 16:18:30 [main] [LogUtils] - Failed to capture screenshot: Illegal char <:> at index 33: screenshots\setText_19/02/2025 16:18:30.png
[INFO] 19-02-2025 16:18:30 [main] [LogUtils] - Filled element with selector: #createProviderAccountForm_confirmPassword with text: 123456
[ERROR] 19-02-2025 16:18:30 [main] [LogUtils] - Failed to capture screenshot: Illegal char <:> at index 33: screenshots\setText_19/02/2025 16:18:30.png
[INFO] 19-02-2025 16:18:31 [main] [LogUtils] - Clicked element with selector: //*[@id="createProviderAccountForm"]/button
[ERROR] 19-02-2025 16:18:31 [main] [LogUtils] - Failed to capture screenshot: Illegal char <:> at index 38: screenshots\clickElement_19/02/2025 16:18:31.png
[ERROR] 19-02-2025 16:18:39 [main] [LogUtils] - Failed to capture screenshot: Illegal char <:> at index 54: screenshots\actionsPerformedInNewBrowser_19/02/2025 16:18:39.png
[INFO] 19-02-2025 16:18:40 [main] [LogUtils] - Returned to original browser instance.
[ERROR] 19-02-2025 16:18:40 [main] [LogUtils] - Failed to capture screenshot: Illegal char <:> at index 51: screenshots\returnedToOriginalBrowser_19/02/2025 16:18:40.png
[INFO] 19-02-2025 16:20:08 [main] [LogUtils] - Test case: urlTest passed.
[INFO] 19-02-2025 16:20:08 [main] [LogUtils] - Screenshot captured and saved for: urlTest
[INFO] 19-02-2025 16:20:08 [main] [LogUtils] - Screenshot added with status: Pass | Name: urlTest - 1739962208755
[INFO] 19-02-2025 16:20:08 [main] [LogUtils] - Log message with status Pass: Test case: urlTest passed.
[INFO] 19-02-2025 16:20:08 [main] [LogUtils] - Closing browser and cleaning up...
[INFO] 19-02-2025 16:20:09 [main] [LogUtils] - ********** RUN FINISHED **********
[INFO] 19-02-2025 16:20:09 [main] [LogUtils] - =====> Ending Suite: Regression Tests 
[INFO] 19-02-2025 16:20:11 [main] [LogUtils] - ********** RUN STARTED **********
[INFO] 19-02-2025 16:20:11 [main] [LogUtils] - ========= INSTALLING CONFIGURATION DATA =========
[INFO] 19-02-2025 16:20:11 [main] [LogUtils] - Warning !! Can not Load All File.
[INFO] 19-02-2025 16:20:11 [main] [LogUtils] - ========= CONFIGURATION DATA INSTALLED =========
[INFO] 19-02-2025 16:20:11 [main] [LogUtils] - =====> Starting Suite: Regression Test1
[INFO] 19-02-2025 16:20:11 [main] [LogUtils] - ********** RUN FINISHED **********
[INFO] 19-02-2025 16:20:11 [main] [LogUtils] - =====> Ending Suite: Regression Test1
[INFO] 19-02-2025 21:13:48 [main] [LogUtils] - ********** RUN STARTED **********
[INFO] 19-02-2025 21:13:48 [main] [LogUtils] - ========= INSTALLING CONFIGURATION DATA =========
[INFO] 19-02-2025 21:13:48 [main] [LogUtils] - Warning !! Can not Load All File.
[INFO] 19-02-2025 21:13:49 [main] [LogUtils] - Warning !! Can not Load All File.
[INFO] 19-02-2025 21:13:49 [main] [LogUtils] - OVERRIDE EXTENT REPORTS = no
[INFO] 19-02-2025 21:13:49 [main] [LogUtils] - Link Extent Report: C:\Users\Gnana\IdeaProjects\PlaywrightJava\reports/ExtentReports\19_02_2025_21_13_49_ExtentReports.html
[INFO] 19-02-2025 21:13:50 [main] [LogUtils] - Extent Reports is installed.
[INFO] 19-02-2025 21:13:50 [main] [LogUtils] - ========= CONFIGURATION DATA INSTALLED =========
[INFO] 19-02-2025 21:13:50 [main] [LogUtils] - =====> Starting Suite: Regression Tests 
[INFO] 19-02-2025 21:13:50 [main] [LogUtils] - Excel File: C:\Users\Gnana\IdeaProjects\PlaywrightJava\src/test/resources/testdata/Common/ProviderData.xlsx
[INFO] 19-02-2025 21:13:50 [main] [LogUtils] - Sheet Name: SignIn
[INFO] 19-02-2025 21:13:52 [main] [LogUtils] - Row: 10 - Column: 2
[INFO] 19-02-2025 21:13:52 [main] [LogUtils] - StartRow: 2 - EndRow: 6
[INFO] 19-02-2025 21:13:52 [TestNG-PoolService-5] [LogUtils] - Creating Playwright instance using factory method...
[INFO] 19-02-2025 21:13:52 [TestNG-PoolService-1] [LogUtils] - Creating Playwright instance using factory method...
[INFO] 19-02-2025 21:13:52 [TestNG-PoolService-3] [LogUtils] - Creating Playwright instance using factory method...
[INFO] 19-02-2025 21:13:52 [TestNG-PoolService-4] [LogUtils] - Creating Playwright instance using factory method...
[INFO] 19-02-2025 21:13:52 [TestNG-PoolService-2] [LogUtils] - Creating Playwright instance using factory method...
[INFO] 19-02-2025 21:14:13 [TestNG-PoolService-4] [LogUtils] - Page instance created: com.microsoft.playwright.impl.PageImpl@7f6f0c97
[INFO] 19-02-2025 21:14:14 [TestNG-PoolService-4] [LogUtils] - Test case: loginWithValidCredentials is starting...
[INFO] 19-02-2025 21:14:14 [TestNG-PoolService-4] [LogUtils] - Created test: loginWithValidCredentials
[INFO] 19-02-2025 21:14:14 [TestNG-PoolService-4] [LogUtils] - Assigned author: Gnanapandithan
[INFO] 19-02-2025 21:14:14 [TestNG-PoolService-4] [LogUtils] - Assigned category: REGRESSION
[INFO] 19-02-2025 21:14:14 [TestNG-PoolService-4] [LogUtils] - Assigned device info: CHROME
[INFO] 19-02-2025 21:14:14 [TestNG-PoolService-4] [LogUtils] - Test info: Windows 10
[INFO] 19-02-2025 21:14:14 [TestNG-PoolService-4] [LogUtils] - Set Excel File: src/test/resources/testdata/Common/ProviderData.xlsx
[INFO] 19-02-2025 21:14:14 [TestNG-PoolService-4] [LogUtils] - Sheet Name: SignIn
[INFO] 19-02-2025 21:14:15 [TestNG-PoolService-4] [LogUtils] - Navigating to URL: https://staging.withassured.com/sign-in
[INFO] 19-02-2025 21:14:15 [TestNG-PoolService-4] [LogUtils] - Test info: Navigating to URL: https://staging.withassured.com/sign-in
[INFO] 19-02-2025 21:14:16 [TestNG-PoolService-5] [LogUtils] - Page instance created: com.microsoft.playwright.impl.PageImpl@59ebc681
[INFO] 19-02-2025 21:14:16 [TestNG-PoolService-5] [LogUtils] - Test case: loginWithValidCredentials is starting...
[INFO] 19-02-2025 21:14:16 [TestNG-PoolService-5] [LogUtils] - Created test: loginWithValidCredentials
[INFO] 19-02-2025 21:14:16 [TestNG-PoolService-5] [LogUtils] - Assigned author: Gnanapandithan
[INFO] 19-02-2025 21:14:16 [TestNG-PoolService-5] [LogUtils] - Assigned category: REGRESSION
[INFO] 19-02-2025 21:14:16 [TestNG-PoolService-5] [LogUtils] - Assigned device info: CHROME
[INFO] 19-02-2025 21:14:16 [TestNG-PoolService-5] [LogUtils] - Test info: Windows 10
[INFO] 19-02-2025 21:14:16 [TestNG-PoolService-5] [LogUtils] - Set Excel File: src/test/resources/testdata/Common/ProviderData.xlsx
[INFO] 19-02-2025 21:14:16 [TestNG-PoolService-5] [LogUtils] - Sheet Name: SignIn
[INFO] 19-02-2025 21:14:16 [TestNG-PoolService-5] [LogUtils] - Navigating to URL: https://staging.withassured.com/sign-in
[INFO] 19-02-2025 21:14:16 [TestNG-PoolService-5] [LogUtils] - Test info: Navigating to URL: https://staging.withassured.com/sign-in
[INFO] 19-02-2025 21:14:17 [TestNG-PoolService-2] [LogUtils] - Page instance created: com.microsoft.playwright.impl.PageImpl@56b246e4
[INFO] 19-02-2025 21:14:17 [TestNG-PoolService-2] [LogUtils] - Test case: loginWithValidCredentials is starting...
[INFO] 19-02-2025 21:14:17 [TestNG-PoolService-2] [LogUtils] - Created test: loginWithValidCredentials
[INFO] 19-02-2025 21:14:17 [TestNG-PoolService-2] [LogUtils] - Assigned author: Gnanapandithan
[INFO] 19-02-2025 21:14:17 [TestNG-PoolService-2] [LogUtils] - Assigned category: REGRESSION
[INFO] 19-02-2025 21:14:17 [TestNG-PoolService-2] [LogUtils] - Assigned device info: CHROME
[INFO] 19-02-2025 21:14:17 [TestNG-PoolService-2] [LogUtils] - Test info: Windows 10
[INFO] 19-02-2025 21:14:17 [TestNG-PoolService-2] [LogUtils] - Set Excel File: src/test/resources/testdata/Common/ProviderData.xlsx
[INFO] 19-02-2025 21:14:17 [TestNG-PoolService-2] [LogUtils] - Sheet Name: SignIn
[INFO] 19-02-2025 21:14:18 [TestNG-PoolService-2] [LogUtils] - Navigating to URL: https://staging.withassured.com/sign-in
[INFO] 19-02-2025 21:14:18 [TestNG-PoolService-2] [LogUtils] - Test info: Navigating to URL: https://staging.withassured.com/sign-in
[ERROR] 19-02-2025 21:14:19 [TestNG-PoolService-2] [LogUtils] - Failed to capture screenshot: Illegal char <:> at index 34: screenshots\navigate_19/02/2025 21:14:19.png
[INFO] 19-02-2025 21:14:20 [TestNG-PoolService-2] [LogUtils] - Filling in email: abc@abc.com
[INFO] 19-02-2025 21:14:20 [TestNG-PoolService-2] [LogUtils] - Test info: Filling text into element with selector: //*[@id='normal_login_email'] | Value: abc@abc.com
[ERROR] 19-02-2025 21:14:21 [TestNG-PoolService-4] [LogUtils] - Failed to capture screenshot: Illegal char <:> at index 34: screenshots\navigate_19/02/2025 21:14:21.png
[INFO] 19-02-2025 21:14:21 [TestNG-PoolService-4] [LogUtils] - Filling in email: qazdqsd@lk.com
[INFO] 19-02-2025 21:14:21 [TestNG-PoolService-4] [LogUtils] - Test info: Filling text into element with selector: //*[@id='normal_login_email'] | Value: qazdqsd@lk.com
[ERROR] 19-02-2025 21:14:21 [TestNG-PoolService-5] [LogUtils] - Failed to capture screenshot: Illegal char <:> at index 34: screenshots\navigate_19/02/2025 21:14:21.png
[INFO] 19-02-2025 21:14:21 [TestNG-PoolService-5] [LogUtils] - Filling in email: hjkl@ik.com
[INFO] 19-02-2025 21:14:21 [TestNG-PoolService-5] [LogUtils] - Test info: Filling text into element with selector: //*[@id='normal_login_email'] | Value: hjkl@ik.com
[INFO] 19-02-2025 21:14:22 [TestNG-PoolService-3] [LogUtils] - Page instance created: com.microsoft.playwright.impl.PageImpl@6088a771
[INFO] 19-02-2025 21:14:22 [TestNG-PoolService-3] [LogUtils] - Test case: loginWithValidCredentials is starting...
[INFO] 19-02-2025 21:14:22 [TestNG-PoolService-3] [LogUtils] - Created test: loginWithValidCredentials
[INFO] 19-02-2025 21:14:22 [TestNG-PoolService-3] [LogUtils] - Assigned author: Gnanapandithan
[INFO] 19-02-2025 21:14:22 [TestNG-PoolService-3] [LogUtils] - Assigned category: REGRESSION
[INFO] 19-02-2025 21:14:22 [TestNG-PoolService-3] [LogUtils] - Assigned device info: CHROME
[INFO] 19-02-2025 21:14:22 [TestNG-PoolService-3] [LogUtils] - Test info: Windows 10
[INFO] 19-02-2025 21:14:22 [TestNG-PoolService-3] [LogUtils] - Set Excel File: src/test/resources/testdata/Common/ProviderData.xlsx
[INFO] 19-02-2025 21:14:22 [TestNG-PoolService-3] [LogUtils] - Sheet Name: SignIn
[INFO] 19-02-2025 21:14:22 [TestNG-PoolService-3] [LogUtils] - Navigating to URL: https://staging.withassured.com/sign-in
[INFO] 19-02-2025 21:14:22 [TestNG-PoolService-3] [LogUtils] - Test info: Navigating to URL: https://staging.withassured.com/sign-in
[INFO] 19-02-2025 21:14:23 [TestNG-PoolService-2] [LogUtils] - Filled element with selector: //*[@id='normal_login_email'] with text: abc@abc.com
[ERROR] 19-02-2025 21:14:23 [TestNG-PoolService-2] [LogUtils] - Failed to capture screenshot: Illegal char <:> at index 33: screenshots\setText_19/02/2025 21:14:23.png
[INFO] 19-02-2025 21:14:23 [TestNG-PoolService-2] [LogUtils] - Filling in password.
[INFO] 19-02-2025 21:14:23 [TestNG-PoolService-2] [LogUtils] - Test info: Filling text into element with selector: //*[@id='normal_login_password'] | Value: 12Bcd
[INFO] 19-02-2025 21:14:23 [TestNG-PoolService-2] [LogUtils] - Filled element with selector: //*[@id='normal_login_password'] with text: 12Bcd
[ERROR] 19-02-2025 21:14:23 [TestNG-PoolService-2] [LogUtils] - Failed to capture screenshot: Illegal char <:> at index 33: screenshots\setText_19/02/2025 21:14:23.png
[INFO] 19-02-2025 21:14:23 [TestNG-PoolService-2] [LogUtils] - Test info: Clicking element with selector: //button[@type='submit']/span
[ERROR] 19-02-2025 21:14:24 [TestNG-PoolService-3] [LogUtils] - Failed to capture screenshot: Illegal char <:> at index 34: screenshots\navigate_19/02/2025 21:14:24.png
[INFO] 19-02-2025 21:14:24 [TestNG-PoolService-3] [LogUtils] - Filling in email: bbcd@lk.com
[INFO] 19-02-2025 21:14:24 [TestNG-PoolService-3] [LogUtils] - Test info: Filling text into element with selector: //*[@id='normal_login_email'] | Value: bbcd@lk.com
[INFO] 19-02-2025 21:14:27 [TestNG-PoolService-3] [LogUtils] - Filled element with selector: //*[@id='normal_login_email'] with text: bbcd@lk.com
[ERROR] 19-02-2025 21:14:27 [TestNG-PoolService-3] [LogUtils] - Failed to capture screenshot: Illegal char <:> at index 33: screenshots\setText_19/02/2025 21:14:27.png
[INFO] 19-02-2025 21:14:27 [TestNG-PoolService-3] [LogUtils] - Filling in password.
[INFO] 19-02-2025 21:14:27 [TestNG-PoolService-3] [LogUtils] - Test info: Filling text into element with selector: //*[@id='normal_login_password'] | Value: 789ght
[INFO] 19-02-2025 21:14:28 [TestNG-PoolService-3] [LogUtils] - Filled element with selector: //*[@id='normal_login_password'] with text: 789ght
[ERROR] 19-02-2025 21:14:28 [TestNG-PoolService-3] [LogUtils] - Failed to capture screenshot: Illegal char <:> at index 33: screenshots\setText_19/02/2025 21:14:28.png
[INFO] 19-02-2025 21:14:28 [TestNG-PoolService-3] [LogUtils] - Test info: Clicking element with selector: //button[@type='submit']/span
[INFO] 19-02-2025 21:14:29 [TestNG-PoolService-3] [LogUtils] - Clicked element with selector: //button[@type='submit']/span
[ERROR] 19-02-2025 21:14:29 [TestNG-PoolService-3] [LogUtils] - Failed to capture screenshot: Illegal char <:> at index 38: screenshots\clickElement_19/02/2025 21:14:29.png
[INFO] 19-02-2025 21:14:29 [TestNG-PoolService-3] [LogUtils] - Test case: loginWithValidCredentials passed.
[INFO] 19-02-2025 21:14:29 [TestNG-PoolService-3] [LogUtils] - Screenshot captured and saved for: loginWithValidCredentials
[INFO] 19-02-2025 21:14:30 [TestNG-PoolService-3] [LogUtils] - Screenshot added with status: Pass | Name: loginWithValidCredentials - 1739979869772
[INFO] 19-02-2025 21:14:30 [TestNG-PoolService-3] [LogUtils] - Log message with status Pass: Test case: loginWithValidCredentials passed.
[INFO] 19-02-2025 21:14:30 [TestNG-PoolService-3] [LogUtils] - Closing browser and cleaning up...
[INFO] 19-02-2025 21:14:31 [TestNG-PoolService-2] [LogUtils] - Clicked element with selector: //button[@type='submit']/span
[ERROR] 19-02-2025 21:14:31 [TestNG-PoolService-2] [LogUtils] - Failed to capture screenshot: Illegal char <:> at index 38: screenshots\clickElement_19/02/2025 21:14:31.png
[INFO] 19-02-2025 21:14:31 [TestNG-PoolService-2] [LogUtils] - Test case: loginWithValidCredentials passed.
[INFO] 19-02-2025 21:14:31 [TestNG-PoolService-2] [LogUtils] - Screenshot captured and saved for: loginWithValidCredentials
[INFO] 19-02-2025 21:14:31 [TestNG-PoolService-5] [LogUtils] - Filled element with selector: //*[@id='normal_login_email'] with text: hjkl@ik.com
[ERROR] 19-02-2025 21:14:31 [TestNG-PoolService-5] [LogUtils] - Failed to capture screenshot: Illegal char <:> at index 33: screenshots\setText_19/02/2025 21:14:31.png
[INFO] 19-02-2025 21:14:31 [TestNG-PoolService-5] [LogUtils] - Filling in password.
[INFO] 19-02-2025 21:14:31 [TestNG-PoolService-5] [LogUtils] - Test info: Filling text into element with selector: //*[@id='normal_login_password'] | Value: sdkjf1231
[INFO] 19-02-2025 21:14:31 [TestNG-PoolService-2] [LogUtils] - Screenshot added with status: Pass | Name: loginWithValidCredentials - 1739979871456
[INFO] 19-02-2025 21:14:31 [TestNG-PoolService-2] [LogUtils] - Log message with status Pass: Test case: loginWithValidCredentials passed.
[INFO] 19-02-2025 21:14:31 [TestNG-PoolService-2] [LogUtils] - Closing browser and cleaning up...
[INFO] 19-02-2025 21:14:32 [TestNG-PoolService-5] [LogUtils] - Filled element with selector: //*[@id='normal_login_password'] with text: sdkjf1231
[ERROR] 19-02-2025 21:14:32 [TestNG-PoolService-5] [LogUtils] - Failed to capture screenshot: Illegal char <:> at index 33: screenshots\setText_19/02/2025 21:14:32.png
[INFO] 19-02-2025 21:14:32 [TestNG-PoolService-5] [LogUtils] - Test info: Clicking element with selector: //button[@type='submit']/span
[INFO] 19-02-2025 21:14:32 [TestNG-PoolService-1] [LogUtils] - Page instance created: com.microsoft.playwright.impl.PageImpl@5a062998
[INFO] 19-02-2025 21:14:32 [TestNG-PoolService-1] [LogUtils] - Test case: loginWithValidCredentials is starting...
[INFO] 19-02-2025 21:14:32 [TestNG-PoolService-1] [LogUtils] - Created test: loginWithValidCredentials
[INFO] 19-02-2025 21:14:32 [TestNG-PoolService-1] [LogUtils] - Assigned author: Gnanapandithan
[INFO] 19-02-2025 21:14:32 [TestNG-PoolService-1] [LogUtils] - Assigned category: REGRESSION
[INFO] 19-02-2025 21:14:32 [TestNG-PoolService-1] [LogUtils] - Assigned device info: CHROME
[INFO] 19-02-2025 21:14:32 [TestNG-PoolService-1] [LogUtils] - Test info: Windows 10
[INFO] 19-02-2025 21:14:32 [TestNG-PoolService-1] [LogUtils] - Set Excel File: src/test/resources/testdata/Common/ProviderData.xlsx
[INFO] 19-02-2025 21:14:32 [TestNG-PoolService-1] [LogUtils] - Sheet Name: SignIn
[INFO] 19-02-2025 21:14:32 [TestNG-PoolService-1] [LogUtils] - Navigating to URL: https://staging.withassured.com/sign-in
[INFO] 19-02-2025 21:14:32 [TestNG-PoolService-1] [LogUtils] - Test info: Navigating to URL: https://staging.withassured.com/sign-in
[ERROR] 19-02-2025 21:14:34 [TestNG-PoolService-1] [LogUtils] - Failed to capture screenshot: Illegal char <:> at index 34: screenshots\navigate_19/02/2025 21:14:34.png
[INFO] 19-02-2025 21:14:34 [TestNG-PoolService-1] [LogUtils] - Filling in email: cashierngan023@gmail.com
[INFO] 19-02-2025 21:14:34 [TestNG-PoolService-1] [LogUtils] - Test info: Filling text into element with selector: //*[@id='normal_login_email'] | Value: cashierngan023@gmail.com
[INFO] 19-02-2025 21:14:35 [TestNG-PoolService-1] [LogUtils] - Filled element with selector: //*[@id='normal_login_email'] with text: cashierngan023@gmail.com
[ERROR] 19-02-2025 21:14:35 [TestNG-PoolService-1] [LogUtils] - Failed to capture screenshot: Illegal char <:> at index 33: screenshots\setText_19/02/2025 21:14:35.png
[INFO] 19-02-2025 21:14:35 [TestNG-PoolService-1] [LogUtils] - Filling in password.
[INFO] 19-02-2025 21:14:35 [TestNG-PoolService-1] [LogUtils] - Test info: Filling text into element with selector: //*[@id='normal_login_password'] | Value: abc12
[INFO] 19-02-2025 21:14:35 [TestNG-PoolService-1] [LogUtils] - Filled element with selector: //*[@id='normal_login_password'] with text: abc12
[ERROR] 19-02-2025 21:14:35 [TestNG-PoolService-1] [LogUtils] - Failed to capture screenshot: Illegal char <:> at index 33: screenshots\setText_19/02/2025 21:14:35.png
[INFO] 19-02-2025 21:14:35 [TestNG-PoolService-1] [LogUtils] - Test info: Clicking element with selector: //button[@type='submit']/span
[INFO] 19-02-2025 21:14:36 [TestNG-PoolService-4] [LogUtils] - Filled element with selector: //*[@id='normal_login_email'] with text: qazdqsd@lk.com
[ERROR] 19-02-2025 21:14:36 [TestNG-PoolService-4] [LogUtils] - Failed to capture screenshot: Illegal char <:> at index 33: screenshots\setText_19/02/2025 21:14:36.png
[INFO] 19-02-2025 21:14:36 [TestNG-PoolService-4] [LogUtils] - Filling in password.
[INFO] 19-02-2025 21:14:36 [TestNG-PoolService-4] [LogUtils] - Test info: Filling text into element with selector: //*[@id='normal_login_password'] | Value: abc32
[INFO] 19-02-2025 21:14:36 [TestNG-PoolService-4] [LogUtils] - Filled element with selector: //*[@id='normal_login_password'] with text: abc32
[ERROR] 19-02-2025 21:14:36 [TestNG-PoolService-4] [LogUtils] - Failed to capture screenshot: Illegal char <:> at index 33: screenshots\setText_19/02/2025 21:14:36.png
[INFO] 19-02-2025 21:14:36 [TestNG-PoolService-4] [LogUtils] - Test info: Clicking element with selector: //button[@type='submit']/span
[INFO] 19-02-2025 21:14:36 [TestNG-PoolService-1] [LogUtils] - Clicked element with selector: //button[@type='submit']/span
[ERROR] 19-02-2025 21:14:36 [TestNG-PoolService-1] [LogUtils] - Failed to capture screenshot: Illegal char <:> at index 38: screenshots\clickElement_19/02/2025 21:14:36.png
[INFO] 19-02-2025 21:14:36 [TestNG-PoolService-1] [LogUtils] - Test case: loginWithValidCredentials passed.
[INFO] 19-02-2025 21:14:36 [TestNG-PoolService-1] [LogUtils] - Screenshot captured and saved for: loginWithValidCredentials
[INFO] 19-02-2025 21:14:36 [TestNG-PoolService-1] [LogUtils] - Screenshot added with status: Pass | Name: loginWithValidCredentials - 1739979876696
[INFO] 19-02-2025 21:14:36 [TestNG-PoolService-1] [LogUtils] - Log message with status Pass: Test case: loginWithValidCredentials passed.
[INFO] 19-02-2025 21:14:37 [TestNG-PoolService-1] [LogUtils] - Closing browser and cleaning up...
[INFO] 19-02-2025 21:14:37 [TestNG-PoolService-5] [LogUtils] - Clicked element with selector: //button[@type='submit']/span
[ERROR] 19-02-2025 21:14:37 [TestNG-PoolService-5] [LogUtils] - Failed to capture screenshot: Illegal char <:> at index 38: screenshots\clickElement_19/02/2025 21:14:37.png
[INFO] 19-02-2025 21:14:37 [TestNG-PoolService-5] [LogUtils] - Test case: loginWithValidCredentials passed.
[INFO] 19-02-2025 21:14:37 [TestNG-PoolService-5] [LogUtils] - Screenshot captured and saved for: loginWithValidCredentials
[INFO] 19-02-2025 21:14:37 [TestNG-PoolService-5] [LogUtils] - Screenshot added with status: Pass | Name: loginWithValidCredentials - 1739979877696
[INFO] 19-02-2025 21:14:37 [TestNG-PoolService-5] [LogUtils] - Log message with status Pass: Test case: loginWithValidCredentials passed.
[INFO] 19-02-2025 21:14:38 [TestNG-PoolService-5] [LogUtils] - Closing browser and cleaning up...
[INFO] 19-02-2025 21:14:39 [TestNG-PoolService-4] [LogUtils] - Clicked element with selector: //button[@type='submit']/span
[ERROR] 19-02-2025 21:14:39 [TestNG-PoolService-4] [LogUtils] - Failed to capture screenshot: Illegal char <:> at index 38: screenshots\clickElement_19/02/2025 21:14:39.png
[INFO] 19-02-2025 21:14:39 [TestNG-PoolService-4] [LogUtils] - Test case: loginWithValidCredentials passed.
[INFO] 19-02-2025 21:14:39 [TestNG-PoolService-4] [LogUtils] - Screenshot captured and saved for: loginWithValidCredentials
[INFO] 19-02-2025 21:14:39 [TestNG-PoolService-4] [LogUtils] - Screenshot added with status: Pass | Name: loginWithValidCredentials - 1739979879477
[INFO] 19-02-2025 21:14:39 [TestNG-PoolService-4] [LogUtils] - Log message with status Pass: Test case: loginWithValidCredentials passed.
[INFO] 19-02-2025 21:14:40 [TestNG-PoolService-4] [LogUtils] - Closing browser and cleaning up...
[INFO] 19-02-2025 21:14:43 [main] [LogUtils] - Excel File: C:\Users\Gnana\IdeaProjects\PlaywrightJava\src/test/resources/testdata/Common/ProviderData.xlsx
[INFO] 19-02-2025 21:14:43 [main] [LogUtils] - Sheet Name: SignIn
[INFO] 19-02-2025 21:14:43 [main] [LogUtils] - Row: 10 - Column: 2
[INFO] 19-02-2025 21:14:43 [main] [LogUtils] - StartRow: 2 - EndRow: 6
[INFO] 19-02-2025 21:14:43 [TestNG-PoolService-3] [LogUtils] - Creating Playwright instance using factory method...
[INFO] 19-02-2025 21:14:43 [TestNG-PoolService-2] [LogUtils] - Creating Playwright instance using factory method...
[INFO] 19-02-2025 21:14:43 [TestNG-PoolService-1] [LogUtils] - Creating Playwright instance using factory method...
[INFO] 19-02-2025 21:14:43 [TestNG-PoolService-4] [LogUtils] - Creating Playwright instance using factory method...
[INFO] 19-02-2025 21:14:43 [TestNG-PoolService-5] [LogUtils] - Creating Playwright instance using factory method...
[INFO] 19-02-2025 21:14:50 [TestNG-PoolService-5] [LogUtils] - Page instance created: com.microsoft.playwright.impl.PageImpl@42c57318
[INFO] 19-02-2025 21:14:50 [TestNG-PoolService-5] [LogUtils] - Test case: loginWithInValidCredentials is starting...
[INFO] 19-02-2025 21:14:50 [TestNG-PoolService-5] [LogUtils] - Created test: loginWithInValidCredentials
[INFO] 19-02-2025 21:14:50 [TestNG-PoolService-5] [LogUtils] - Assigned author: Gnanapandithan
[INFO] 19-02-2025 21:14:50 [TestNG-PoolService-5] [LogUtils] - Assigned category: REGRESSION
[INFO] 19-02-2025 21:14:50 [TestNG-PoolService-5] [LogUtils] - Assigned device info: CHROME
[INFO] 19-02-2025 21:14:50 [TestNG-PoolService-5] [LogUtils] - Test info: Windows 10
[INFO] 19-02-2025 21:14:50 [TestNG-PoolService-5] [LogUtils] - Set Excel File: src/test/resources/testdata/Common/ProviderData.xlsx
[INFO] 19-02-2025 21:14:50 [TestNG-PoolService-5] [LogUtils] - Sheet Name: SignIn
[INFO] 19-02-2025 21:14:51 [TestNG-PoolService-5] [LogUtils] - Navigating to URL: https://staging.withassured.com/sign-in
[INFO] 19-02-2025 21:14:51 [TestNG-PoolService-5] [LogUtils] - Test info: Navigating to URL: https://staging.withassured.com/sign-in
[ERROR] 19-02-2025 21:14:53 [TestNG-PoolService-5] [LogUtils] - Failed to capture screenshot: Illegal char <:> at index 34: screenshots\navigate_19/02/2025 21:14:53.png
[INFO] 19-02-2025 21:14:53 [TestNG-PoolService-5] [LogUtils] - Filling in email: hjkl@ik.com
[INFO] 19-02-2025 21:14:53 [TestNG-PoolService-5] [LogUtils] - Test info: Filling text into element with selector: //*[@id='normal_login_email'] | Value: hjkl@ik.com
[INFO] 19-02-2025 21:14:53 [TestNG-PoolService-4] [LogUtils] - Page instance created: com.microsoft.playwright.impl.PageImpl@60b527c3
[INFO] 19-02-2025 21:14:53 [TestNG-PoolService-4] [LogUtils] - Test case: loginWithInValidCredentials is starting...
[INFO] 19-02-2025 21:14:53 [TestNG-PoolService-4] [LogUtils] - Created test: loginWithInValidCredentials
[INFO] 19-02-2025 21:14:53 [TestNG-PoolService-4] [LogUtils] - Assigned author: Gnanapandithan
[INFO] 19-02-2025 21:14:53 [TestNG-PoolService-4] [LogUtils] - Assigned category: REGRESSION
[INFO] 19-02-2025 21:14:53 [TestNG-PoolService-4] [LogUtils] - Assigned device info: CHROME
[INFO] 19-02-2025 21:14:53 [TestNG-PoolService-4] [LogUtils] - Test info: Windows 10
[INFO] 19-02-2025 21:14:53 [TestNG-PoolService-4] [LogUtils] - Set Excel File: src/test/resources/testdata/Common/ProviderData.xlsx
[INFO] 19-02-2025 21:14:53 [TestNG-PoolService-4] [LogUtils] - Sheet Name: SignIn
[INFO] 19-02-2025 21:14:54 [TestNG-PoolService-4] [LogUtils] - Navigating to URL: https://staging.withassured.com/sign-in
[INFO] 19-02-2025 21:14:54 [TestNG-PoolService-4] [LogUtils] - Test info: Navigating to URL: https://staging.withassured.com/sign-in
[INFO] 19-02-2025 21:14:56 [TestNG-PoolService-1] [LogUtils] - Page instance created: com.microsoft.playwright.impl.PageImpl@2b231baa
[INFO] 19-02-2025 21:14:56 [TestNG-PoolService-1] [LogUtils] - Test case: loginWithInValidCredentials is starting...
[INFO] 19-02-2025 21:14:56 [TestNG-PoolService-1] [LogUtils] - Created test: loginWithInValidCredentials
[INFO] 19-02-2025 21:14:56 [TestNG-PoolService-1] [LogUtils] - Assigned author: Gnanapandithan
[INFO] 19-02-2025 21:14:56 [TestNG-PoolService-1] [LogUtils] - Assigned category: REGRESSION
[INFO] 19-02-2025 21:14:56 [TestNG-PoolService-1] [LogUtils] - Assigned device info: CHROME
[INFO] 19-02-2025 21:14:56 [TestNG-PoolService-1] [LogUtils] - Test info: Windows 10
[INFO] 19-02-2025 21:14:56 [TestNG-PoolService-1] [LogUtils] - Set Excel File: src/test/resources/testdata/Common/ProviderData.xlsx
[INFO] 19-02-2025 21:14:56 [TestNG-PoolService-1] [LogUtils] - Sheet Name: SignIn
[ERROR] 19-02-2025 21:14:56 [TestNG-PoolService-4] [LogUtils] - Failed to capture screenshot: Illegal char <:> at index 34: screenshots\navigate_19/02/2025 21:14:56.png
[INFO] 19-02-2025 21:14:56 [TestNG-PoolService-4] [LogUtils] - Filling in email: qazdqsd@lk.com
[INFO] 19-02-2025 21:14:56 [TestNG-PoolService-4] [LogUtils] - Test info: Filling text into element with selector: //*[@id='normal_login_email'] | Value: qazdqsd@lk.com
[INFO] 19-02-2025 21:14:57 [TestNG-PoolService-1] [LogUtils] - Navigating to URL: https://staging.withassured.com/sign-in
[INFO] 19-02-2025 21:14:57 [TestNG-PoolService-1] [LogUtils] - Test info: Navigating to URL: https://staging.withassured.com/sign-in
[ERROR] 19-02-2025 21:14:59 [TestNG-PoolService-1] [LogUtils] - Failed to capture screenshot: Illegal char <:> at index 34: screenshots\navigate_19/02/2025 21:14:59.png
[INFO] 19-02-2025 21:14:59 [TestNG-PoolService-1] [LogUtils] - Filling in email: cashierngan023@gmail.com
[INFO] 19-02-2025 21:14:59 [TestNG-PoolService-1] [LogUtils] - Test info: Filling text into element with selector: //*[@id='normal_login_email'] | Value: cashierngan023@gmail.com
[INFO] 19-02-2025 21:14:59 [TestNG-PoolService-2] [LogUtils] - Page instance created: com.microsoft.playwright.impl.PageImpl@e20a8f0
[INFO] 19-02-2025 21:14:59 [TestNG-PoolService-2] [LogUtils] - Test case: loginWithInValidCredentials is starting...
[INFO] 19-02-2025 21:14:59 [TestNG-PoolService-2] [LogUtils] - Created test: loginWithInValidCredentials
[INFO] 19-02-2025 21:14:59 [TestNG-PoolService-2] [LogUtils] - Assigned author: Gnanapandithan
[INFO] 19-02-2025 21:14:59 [TestNG-PoolService-2] [LogUtils] - Assigned category: REGRESSION
[INFO] 19-02-2025 21:14:59 [TestNG-PoolService-2] [LogUtils] - Assigned device info: CHROME
[INFO] 19-02-2025 21:14:59 [TestNG-PoolService-2] [LogUtils] - Test info: Windows 10
[INFO] 19-02-2025 21:14:59 [TestNG-PoolService-2] [LogUtils] - Set Excel File: src/test/resources/testdata/Common/ProviderData.xlsx
[INFO] 19-02-2025 21:14:59 [TestNG-PoolService-2] [LogUtils] - Sheet Name: SignIn
[INFO] 19-02-2025 21:14:59 [TestNG-PoolService-2] [LogUtils] - Navigating to URL: https://staging.withassured.com/sign-in
[INFO] 19-02-2025 21:14:59 [TestNG-PoolService-2] [LogUtils] - Test info: Navigating to URL: https://staging.withassured.com/sign-in
[ERROR] 19-02-2025 21:15:01 [TestNG-PoolService-2] [LogUtils] - Failed to capture screenshot: Illegal char <:> at index 34: screenshots\navigate_19/02/2025 21:15:01.png
[INFO] 19-02-2025 21:15:01 [TestNG-PoolService-2] [LogUtils] - Filling in email: abc@abc.com
[INFO] 19-02-2025 21:15:01 [TestNG-PoolService-2] [LogUtils] - Test info: Filling text into element with selector: //*[@id='normal_login_email'] | Value: abc@abc.com
[INFO] 19-02-2025 21:15:01 [TestNG-PoolService-5] [LogUtils] - Filled element with selector: //*[@id='normal_login_email'] with text: hjkl@ik.com
[ERROR] 19-02-2025 21:15:01 [TestNG-PoolService-5] [LogUtils] - Failed to capture screenshot: Illegal char <:> at index 33: screenshots\setText_19/02/2025 21:15:01.png
[INFO] 19-02-2025 21:15:01 [TestNG-PoolService-5] [LogUtils] - Filling in password.
[INFO] 19-02-2025 21:15:01 [TestNG-PoolService-5] [LogUtils] - Test info: Filling text into element with selector: //*[@id='normal_login_password'] | Value: sdkjf1231
[INFO] 19-02-2025 21:15:02 [TestNG-PoolService-5] [LogUtils] - Filled element with selector: //*[@id='normal_login_password'] with text: sdkjf1231
[ERROR] 19-02-2025 21:15:02 [TestNG-PoolService-5] [LogUtils] - Failed to capture screenshot: Illegal char <:> at index 33: screenshots\setText_19/02/2025 21:15:02.png
[INFO] 19-02-2025 21:15:02 [TestNG-PoolService-5] [LogUtils] - Test info: Clicking element with selector: //button[@type='submit']/span
[INFO] 19-02-2025 21:15:02 [TestNG-PoolService-2] [LogUtils] - Filled element with selector: //*[@id='normal_login_email'] with text: abc@abc.com
[ERROR] 19-02-2025 21:15:02 [TestNG-PoolService-2] [LogUtils] - Failed to capture screenshot: Illegal char <:> at index 33: screenshots\setText_19/02/2025 21:15:02.png
[INFO] 19-02-2025 21:15:02 [TestNG-PoolService-2] [LogUtils] - Filling in password.
[INFO] 19-02-2025 21:15:02 [TestNG-PoolService-2] [LogUtils] - Test info: Filling text into element with selector: //*[@id='normal_login_password'] | Value: 12Bcd
[INFO] 19-02-2025 21:15:02 [TestNG-PoolService-2] [LogUtils] - Filled element with selector: //*[@id='normal_login_password'] with text: 12Bcd
[ERROR] 19-02-2025 21:15:02 [TestNG-PoolService-2] [LogUtils] - Failed to capture screenshot: Illegal char <:> at index 33: screenshots\setText_19/02/2025 21:15:02.png
[INFO] 19-02-2025 21:15:02 [TestNG-PoolService-2] [LogUtils] - Test info: Clicking element with selector: //button[@type='submit']/span
[INFO] 19-02-2025 21:15:03 [TestNG-PoolService-2] [LogUtils] - Clicked element with selector: //button[@type='submit']/span
[ERROR] 19-02-2025 21:15:03 [TestNG-PoolService-2] [LogUtils] - Failed to capture screenshot: Illegal char <:> at index 38: screenshots\clickElement_19/02/2025 21:15:03.png
[INFO] 19-02-2025 21:15:03 [TestNG-PoolService-2] [LogUtils] - Test case: loginWithInValidCredentials passed.
[INFO] 19-02-2025 21:15:03 [TestNG-PoolService-2] [LogUtils] - Screenshot captured and saved for: loginWithInValidCredentials
[INFO] 19-02-2025 21:15:03 [TestNG-PoolService-4] [LogUtils] - Filled element with selector: //*[@id='normal_login_email'] with text: qazdqsd@lk.com
[ERROR] 19-02-2025 21:15:03 [TestNG-PoolService-4] [LogUtils] - Failed to capture screenshot: Illegal char <:> at index 33: screenshots\setText_19/02/2025 21:15:03.png
[INFO] 19-02-2025 21:15:03 [TestNG-PoolService-4] [LogUtils] - Filling in password.
[INFO] 19-02-2025 21:15:03 [TestNG-PoolService-4] [LogUtils] - Test info: Filling text into element with selector: //*[@id='normal_login_password'] | Value: abc32
[INFO] 19-02-2025 21:15:03 [TestNG-PoolService-1] [LogUtils] - Filled element with selector: //*[@id='normal_login_email'] with text: cashierngan023@gmail.com
[ERROR] 19-02-2025 21:15:03 [TestNG-PoolService-1] [LogUtils] - Failed to capture screenshot: Illegal char <:> at index 33: screenshots\setText_19/02/2025 21:15:03.png
[INFO] 19-02-2025 21:15:03 [TestNG-PoolService-1] [LogUtils] - Filling in password.
[INFO] 19-02-2025 21:15:03 [TestNG-PoolService-1] [LogUtils] - Test info: Filling text into element with selector: //*[@id='normal_login_password'] | Value: abc12
[INFO] 19-02-2025 21:15:03 [TestNG-PoolService-2] [LogUtils] - Screenshot added with status: Pass | Name: loginWithInValidCredentials - 1739979903610
[INFO] 19-02-2025 21:15:03 [TestNG-PoolService-2] [LogUtils] - Log message with status Pass: Test case: loginWithInValidCredentials passed.
[INFO] 19-02-2025 21:15:04 [TestNG-PoolService-2] [LogUtils] - Closing browser and cleaning up...
[INFO] 19-02-2025 21:15:06 [TestNG-PoolService-3] [LogUtils] - Page instance created: com.microsoft.playwright.impl.PageImpl@32fb06d2
[INFO] 19-02-2025 21:15:06 [TestNG-PoolService-3] [LogUtils] - Test case: loginWithInValidCredentials is starting...
[INFO] 19-02-2025 21:15:06 [TestNG-PoolService-3] [LogUtils] - Created test: loginWithInValidCredentials
[INFO] 19-02-2025 21:15:06 [TestNG-PoolService-3] [LogUtils] - Assigned author: Gnanapandithan
[INFO] 19-02-2025 21:15:06 [TestNG-PoolService-3] [LogUtils] - Assigned category: REGRESSION
[INFO] 19-02-2025 21:15:06 [TestNG-PoolService-3] [LogUtils] - Assigned device info: CHROME
[INFO] 19-02-2025 21:15:06 [TestNG-PoolService-3] [LogUtils] - Test info: Windows 10
[INFO] 19-02-2025 21:15:06 [TestNG-PoolService-3] [LogUtils] - Set Excel File: src/test/resources/testdata/Common/ProviderData.xlsx
[INFO] 19-02-2025 21:15:06 [TestNG-PoolService-3] [LogUtils] - Sheet Name: SignIn
[INFO] 19-02-2025 21:15:06 [TestNG-PoolService-3] [LogUtils] - Navigating to URL: https://staging.withassured.com/sign-in
[INFO] 19-02-2025 21:15:06 [TestNG-PoolService-3] [LogUtils] - Test info: Navigating to URL: https://staging.withassured.com/sign-in
[INFO] 19-02-2025 21:15:07 [TestNG-PoolService-1] [LogUtils] - Filled element with selector: //*[@id='normal_login_password'] with text: abc12
[ERROR] 19-02-2025 21:15:07 [TestNG-PoolService-1] [LogUtils] - Failed to capture screenshot: Illegal char <:> at index 33: screenshots\setText_19/02/2025 21:15:07.png
[INFO] 19-02-2025 21:15:07 [TestNG-PoolService-1] [LogUtils] - Test info: Clicking element with selector: //button[@type='submit']/span
[INFO] 19-02-2025 21:15:08 [TestNG-PoolService-4] [LogUtils] - Filled element with selector: //*[@id='normal_login_password'] with text: abc32
[ERROR] 19-02-2025 21:15:08 [TestNG-PoolService-4] [LogUtils] - Failed to capture screenshot: Illegal char <:> at index 33: screenshots\setText_19/02/2025 21:15:08.png
[INFO] 19-02-2025 21:15:08 [TestNG-PoolService-4] [LogUtils] - Test info: Clicking element with selector: //button[@type='submit']/span
[ERROR] 19-02-2025 21:15:08 [TestNG-PoolService-3] [LogUtils] - Failed to capture screenshot: Illegal char <:> at index 34: screenshots\navigate_19/02/2025 21:15:08.png
[INFO] 19-02-2025 21:15:08 [TestNG-PoolService-3] [LogUtils] - Filling in email: bbcd@lk.com
[INFO] 19-02-2025 21:15:08 [TestNG-PoolService-3] [LogUtils] - Test info: Filling text into element with selector: //*[@id='normal_login_email'] | Value: bbcd@lk.com
[INFO] 19-02-2025 21:15:09 [TestNG-PoolService-3] [LogUtils] - Filled element with selector: //*[@id='normal_login_email'] with text: bbcd@lk.com
[ERROR] 19-02-2025 21:15:09 [TestNG-PoolService-3] [LogUtils] - Failed to capture screenshot: Illegal char <:> at index 33: screenshots\setText_19/02/2025 21:15:09.png
[INFO] 19-02-2025 21:15:09 [TestNG-PoolService-3] [LogUtils] - Filling in password.
[INFO] 19-02-2025 21:15:09 [TestNG-PoolService-3] [LogUtils] - Test info: Filling text into element with selector: //*[@id='normal_login_password'] | Value: 789ght
[INFO] 19-02-2025 21:15:09 [TestNG-PoolService-3] [LogUtils] - Filled element with selector: //*[@id='normal_login_password'] with text: 789ght
[ERROR] 19-02-2025 21:15:09 [TestNG-PoolService-3] [LogUtils] - Failed to capture screenshot: Illegal char <:> at index 33: screenshots\setText_19/02/2025 21:15:09.png
[INFO] 19-02-2025 21:15:09 [TestNG-PoolService-3] [LogUtils] - Test info: Clicking element with selector: //button[@type='submit']/span
[INFO] 19-02-2025 21:15:09 [TestNG-PoolService-3] [LogUtils] - Clicked element with selector: //button[@type='submit']/span
[ERROR] 19-02-2025 21:15:09 [TestNG-PoolService-3] [LogUtils] - Failed to capture screenshot: Illegal char <:> at index 38: screenshots\clickElement_19/02/2025 21:15:09.png
[INFO] 19-02-2025 21:15:09 [TestNG-PoolService-3] [LogUtils] - Test case: loginWithInValidCredentials passed.
[INFO] 19-02-2025 21:15:09 [TestNG-PoolService-3] [LogUtils] - Screenshot captured and saved for: loginWithInValidCredentials
[INFO] 19-02-2025 21:15:10 [TestNG-PoolService-3] [LogUtils] - Screenshot added with status: Pass | Name: loginWithInValidCredentials - 1739979909954
[INFO] 19-02-2025 21:15:10 [TestNG-PoolService-3] [LogUtils] - Log message with status Pass: Test case: loginWithInValidCredentials passed.
[INFO] 19-02-2025 21:15:10 [TestNG-PoolService-3] [LogUtils] - Closing browser and cleaning up...
[INFO] 19-02-2025 21:15:11 [TestNG-PoolService-1] [LogUtils] - Clicked element with selector: //button[@type='submit']/span
[ERROR] 19-02-2025 21:15:11 [TestNG-PoolService-1] [LogUtils] - Failed to capture screenshot: Illegal char <:> at index 38: screenshots\clickElement_19/02/2025 21:15:11.png
[INFO] 19-02-2025 21:15:11 [TestNG-PoolService-1] [LogUtils] - Test case: loginWithInValidCredentials passed.
[INFO] 19-02-2025 21:15:11 [TestNG-PoolService-1] [LogUtils] - Screenshot captured and saved for: loginWithInValidCredentials
[INFO] 19-02-2025 21:15:11 [TestNG-PoolService-1] [LogUtils] - Screenshot added with status: Pass | Name: loginWithInValidCredentials - 1739979911321
[INFO] 19-02-2025 21:15:11 [TestNG-PoolService-1] [LogUtils] - Log message with status Pass: Test case: loginWithInValidCredentials passed.
[INFO] 19-02-2025 21:15:11 [TestNG-PoolService-1] [LogUtils] - Closing browser and cleaning up...
[INFO] 19-02-2025 21:15:12 [TestNG-PoolService-4] [LogUtils] - Clicked element with selector: //button[@type='submit']/span
[ERROR] 19-02-2025 21:15:12 [TestNG-PoolService-4] [LogUtils] - Failed to capture screenshot: Illegal char <:> at index 38: screenshots\clickElement_19/02/2025 21:15:12.png
[INFO] 19-02-2025 21:15:12 [TestNG-PoolService-4] [LogUtils] - Test case: loginWithInValidCredentials passed.
[INFO] 19-02-2025 21:15:12 [TestNG-PoolService-4] [LogUtils] - Screenshot captured and saved for: loginWithInValidCredentials
[INFO] 19-02-2025 21:15:12 [TestNG-PoolService-4] [LogUtils] - Screenshot added with status: Pass | Name: loginWithInValidCredentials - 1739979912722
[INFO] 19-02-2025 21:15:12 [TestNG-PoolService-4] [LogUtils] - Log message with status Pass: Test case: loginWithInValidCredentials passed.
[INFO] 19-02-2025 21:15:13 [TestNG-PoolService-4] [LogUtils] - Closing browser and cleaning up...
[INFO] 19-02-2025 21:15:13 [TestNG-PoolService-5] [LogUtils] - Clicked element with selector: //button[@type='submit']/span
[ERROR] 19-02-2025 21:15:13 [TestNG-PoolService-5] [LogUtils] - Failed to capture screenshot: Illegal char <:> at index 38: screenshots\clickElement_19/02/2025 21:15:13.png
[INFO] 19-02-2025 21:15:13 [TestNG-PoolService-5] [LogUtils] - Test case: loginWithInValidCredentials passed.
[INFO] 19-02-2025 21:15:13 [TestNG-PoolService-5] [LogUtils] - Screenshot captured and saved for: loginWithInValidCredentials
[INFO] 19-02-2025 21:15:13 [TestNG-PoolService-5] [LogUtils] - Screenshot added with status: Pass | Name: loginWithInValidCredentials - 1739979913782
[INFO] 19-02-2025 21:15:13 [TestNG-PoolService-5] [LogUtils] - Log message with status Pass: Test case: loginWithInValidCredentials passed.
[INFO] 19-02-2025 21:15:14 [TestNG-PoolService-5] [LogUtils] - Closing browser and cleaning up...
[INFO] 19-02-2025 21:15:16 [main] [LogUtils] - Creating Playwright instance using factory method...
[INFO] 19-02-2025 21:15:22 [main] [LogUtils] - Page instance created: com.microsoft.playwright.impl.PageImpl@8e00c02
[INFO] 19-02-2025 21:15:22 [main] [LogUtils] - Test case: urlTest is starting...
[INFO] 19-02-2025 21:15:22 [main] [LogUtils] - Created test: urlTest
[INFO] 19-02-2025 21:15:22 [main] [LogUtils] - Assigned default author: Gp
[INFO] 19-02-2025 21:15:22 [main] [LogUtils] - Assigned default category: REGRESSION
[INFO] 19-02-2025 21:15:22 [main] [LogUtils] - Assigned device info: CHROME
[INFO] 19-02-2025 21:15:22 [main] [LogUtils] - Test info: Windows 10
[INFO] 19-02-2025 21:15:22 [main] [LogUtils] - Navigating to URL: https://staging.withassured.com/sign-in
[INFO] 19-02-2025 21:15:22 [main] [LogUtils] - Test info: Navigating to URL: https://staging.withassured.com/sign-in
[ERROR] 19-02-2025 21:15:25 [main] [LogUtils] - Failed to capture screenshot: Illegal char <:> at index 34: screenshots\navigate_19/02/2025 21:15:25.png
[INFO] 19-02-2025 21:15:25 [main] [LogUtils] - Filling in email: 
[INFO] 19-02-2025 21:15:25 [main] [LogUtils] - Test info: Filling text into element with selector: //*[@id='normal_login_email'] | Value: abc@gmail.com
[INFO] 19-02-2025 21:15:25 [main] [LogUtils] - Filled element with selector: //*[@id='normal_login_email'] with text: abc@gmail.com
[ERROR] 19-02-2025 21:15:25 [main] [LogUtils] - Failed to capture screenshot: Illegal char <:> at index 33: screenshots\setText_19/02/2025 21:15:25.png
[INFO] 19-02-2025 21:15:25 [main] [LogUtils] - Filling in password.
[INFO] 19-02-2025 21:15:25 [main] [LogUtils] - Test info: Filling text into element with selector: //*[@id='normal_login_password'] | Value: abc
[INFO] 19-02-2025 21:15:25 [main] [LogUtils] - Filled element with selector: //*[@id='normal_login_password'] with text: abc
[ERROR] 19-02-2025 21:15:25 [main] [LogUtils] - Failed to capture screenshot: Illegal char <:> at index 33: screenshots\setText_19/02/2025 21:15:25.png
[INFO] 19-02-2025 21:15:33 [main] [LogUtils] - Test info: Retrieving mail URL for domain: private, mailbox: abc1
[INFO] 19-02-2025 21:15:33 [main] [LogUtils] - Requesting inbox for domain: private
[INFO] 19-02-2025 21:15:37 [main] [LogUtils] - Inbox received with 2 messages
[INFO] 19-02-2025 21:15:37 [main] [LogUtils] - Using latest message with id: abc1-1739950473-096790445903 and subject: Onboarding Invite
[WARN] 19-02-2025 21:15:37 [main] [LogUtils] - No URL found in subject. Trying links API for message id: abc1-1739950473-096790445903
[INFO] 19-02-2025 21:15:37 [main] [LogUtils] - Test info: No URL in subject, checking links API...
[INFO] 19-02-2025 21:15:37 [main] [LogUtils] - Retrieved URL from links API: https://u24054449.ct.sendgrid.net/ls/click?upn=u001.uKTWfX-2BO7Cb7TshAM6sZKbEPm9EMqm9C4ZEtr6uuLun9WzqgtnF82p3mwtRkl8l6kvdK8O79Pbe-2By3oL-2FOovgRLsrvxOzFcLWjUmVZHFMSYxo4pL31ysTAxDgWi-2Fwl0d0Jv6j8337M1PQbHn-2ByF47HgZDmSJNIFOvhKkd7IfvuM6znFEt-2FOISzGeIcttEy4-2BWTLn-2FgGZuh0Kac4oEb-2FZCXOr5CP5CSu9XgxaIH-2Bc-2Bm4-3D2Wh3_xLcdvdxf4Fza8LcvkLiN7T2R0LE0AEGF9w71ltIf1dxiZxztG-2F-2FFBy-2BaknjWuan3S1snGKvnNFWrh23JyDr48xvjv0dlzKjn1dUx-2Bjfe4ts5ag6-2BwzCnl-2FZ326a1ofJ8-2FiCsyQdtU-2FZmGwg-2FjtBdre5IY9Z9gsksZJ8r1Gj1L-2B3m4jaUdkHXbuq6yeCCyA6s8KpriBzD68H3qMsG8XvO2KY7zOIP-2BmqG3edPLLi-2FPh9Wcg4qm-2BmrKBikVjc9WAR0Z3qS9nt0nZUBb-2B4JIS1m1413YY97apufSEOOPaTeY0cfEu8AH5ioknwUlO4kqrMdORl3iS1-2F1-2FVVpR277A6VplRmMI-2F0jr3FqFwr-2B4Oi-2FQIazlEHpgTDqFv2kt91vpfCsArmQ7zANCgqo-2F-2FFwTKsdGdnAyXYV6vQ5SVTcN-2FIgasA3VV0iCIpU87NPimhbI-2B3fkSN9HpyykeAusTdKk62Vw-3D-3D
[INFO] 19-02-2025 21:15:37 [main] [LogUtils] - Test info: Mail invite URL retrieved from links API: https://u24054449.ct.sendgrid.net/ls/click?upn=u001.uKTWfX-2BO7Cb7TshAM6sZKbEPm9EMqm9C4ZEtr6uuLun9WzqgtnF82p3mwtRkl8l6kvdK8O79Pbe-2By3oL-2FOovgRLsrvxOzFcLWjUmVZHFMSYxo4pL31ysTAxDgWi-2Fwl0d0Jv6j8337M1PQbHn-2ByF47HgZDmSJNIFOvhKkd7IfvuM6znFEt-2FOISzGeIcttEy4-2BWTLn-2FgGZuh0Kac4oEb-2FZCXOr5CP5CSu9XgxaIH-2Bc-2Bm4-3D2Wh3_xLcdvdxf4Fza8LcvkLiN7T2R0LE0AEGF9w71ltIf1dxiZxztG-2F-2FFBy-2BaknjWuan3S1snGKvnNFWrh23JyDr48xvjv0dlzKjn1dUx-2Bjfe4ts5ag6-2BwzCnl-2FZ326a1ofJ8-2FiCsyQdtU-2FZmGwg-2FjtBdre5IY9Z9gsksZJ8r1Gj1L-2B3m4jaUdkHXbuq6yeCCyA6s8KpriBzD68H3qMsG8XvO2KY7zOIP-2BmqG3edPLLi-2FPh9Wcg4qm-2BmrKBikVjc9WAR0Z3qS9nt0nZUBb-2B4JIS1m1413YY97apufSEOOPaTeY0cfEu8AH5ioknwUlO4kqrMdORl3iS1-2F1-2FVVpR277A6VplRmMI-2F0jr3FqFwr-2B4Oi-2FQIazlEHpgTDqFv2kt91vpfCsArmQ7zANCgqo-2F-2FFwTKsdGdnAyXYV6vQ5SVTcN-2FIgasA3VV0iCIpU87NPimhbI-2B3fkSN9HpyykeAusTdKk62Vw-3D-3D
[INFO] 19-02-2025 21:15:37 [main] [LogUtils] - Test info: Opening a new browser instance to perform additional actions
[INFO] 19-02-2025 21:15:42 [main] [LogUtils] - Opened new browser instance for additional actions.
[ERROR] 19-02-2025 21:15:42 [main] [LogUtils] - Failed to capture screenshot: Illegal char <:> at index 42: screenshots\newBrowserOpened_19/02/2025 21:15:42.png
[INFO] 19-02-2025 21:15:42 [main] [LogUtils] - Navigating to URL: https://u24054449.ct.sendgrid.net/ls/click?upn=u001.uKTWfX-2BO7Cb7TshAM6sZKbEPm9EMqm9C4ZEtr6uuLun9WzqgtnF82p3mwtRkl8l6kvdK8O79Pbe-2By3oL-2FOovgRLsrvxOzFcLWjUmVZHFMSYxo4pL31ysTAxDgWi-2Fwl0d0Jv6j8337M1PQbHn-2ByF47HgZDmSJNIFOvhKkd7IfvuM6znFEt-2FOISzGeIcttEy4-2BWTLn-2FgGZuh0Kac4oEb-2FZCXOr5CP5CSu9XgxaIH-2Bc-2Bm4-3D2Wh3_xLcdvdxf4Fza8LcvkLiN7T2R0LE0AEGF9w71ltIf1dxiZxztG-2F-2FFBy-2BaknjWuan3S1snGKvnNFWrh23JyDr48xvjv0dlzKjn1dUx-2Bjfe4ts5ag6-2BwzCnl-2FZ326a1ofJ8-2FiCsyQdtU-2FZmGwg-2FjtBdre5IY9Z9gsksZJ8r1Gj1L-2B3m4jaUdkHXbuq6yeCCyA6s8KpriBzD68H3qMsG8XvO2KY7zOIP-2BmqG3edPLLi-2FPh9Wcg4qm-2BmrKBikVjc9WAR0Z3qS9nt0nZUBb-2B4JIS1m1413YY97apufSEOOPaTeY0cfEu8AH5ioknwUlO4kqrMdORl3iS1-2F1-2FVVpR277A6VplRmMI-2F0jr3FqFwr-2B4Oi-2FQIazlEHpgTDqFv2kt91vpfCsArmQ7zANCgqo-2F-2FFwTKsdGdnAyXYV6vQ5SVTcN-2FIgasA3VV0iCIpU87NPimhbI-2B3fkSN9HpyykeAusTdKk62Vw-3D-3D
[INFO] 19-02-2025 21:15:42 [main] [LogUtils] - Test info: Navigating to URL: https://u24054449.ct.sendgrid.net/ls/click?upn=u001.uKTWfX-2BO7Cb7TshAM6sZKbEPm9EMqm9C4ZEtr6uuLun9WzqgtnF82p3mwtRkl8l6kvdK8O79Pbe-2By3oL-2FOovgRLsrvxOzFcLWjUmVZHFMSYxo4pL31ysTAxDgWi-2Fwl0d0Jv6j8337M1PQbHn-2ByF47HgZDmSJNIFOvhKkd7IfvuM6znFEt-2FOISzGeIcttEy4-2BWTLn-2FgGZuh0Kac4oEb-2FZCXOr5CP5CSu9XgxaIH-2Bc-2Bm4-3D2Wh3_xLcdvdxf4Fza8LcvkLiN7T2R0LE0AEGF9w71ltIf1dxiZxztG-2F-2FFBy-2BaknjWuan3S1snGKvnNFWrh23JyDr48xvjv0dlzKjn1dUx-2Bjfe4ts5ag6-2BwzCnl-2FZ326a1ofJ8-2FiCsyQdtU-2FZmGwg-2FjtBdre5IY9Z9gsksZJ8r1Gj1L-2B3m4jaUdkHXbuq6yeCCyA6s8KpriBzD68H3qMsG8XvO2KY7zOIP-2BmqG3edPLLi-2FPh9Wcg4qm-2BmrKBikVjc9WAR0Z3qS9nt0nZUBb-2B4JIS1m1413YY97apufSEOOPaTeY0cfEu8AH5ioknwUlO4kqrMdORl3iS1-2F1-2FVVpR277A6VplRmMI-2F0jr3FqFwr-2B4Oi-2FQIazlEHpgTDqFv2kt91vpfCsArmQ7zANCgqo-2F-2FFwTKsdGdnAyXYV6vQ5SVTcN-2FIgasA3VV0iCIpU87NPimhbI-2B3fkSN9HpyykeAusTdKk62Vw-3D-3D
[ERROR] 19-02-2025 21:15:46 [main] [LogUtils] - Failed to capture screenshot: Illegal char <:> at index 34: screenshots\navigate_19/02/2025 21:15:46.png
[INFO] 19-02-2025 21:15:46 [main] [LogUtils] - Test info: Filling text into element with selector: #createProviderAccountForm_password | Value: 123456
[INFO] 19-02-2025 21:15:46 [main] [LogUtils] - Filled element with selector: #createProviderAccountForm_password with text: 123456
[ERROR] 19-02-2025 21:15:46 [main] [LogUtils] - Failed to capture screenshot: Illegal char <:> at index 33: screenshots\setText_19/02/2025 21:15:46.png
[INFO] 19-02-2025 21:15:46 [main] [LogUtils] - Test info: Filling text into element with selector: #createProviderAccountForm_confirmPassword | Value: 123456
[INFO] 19-02-2025 21:15:46 [main] [LogUtils] - Filled element with selector: #createProviderAccountForm_confirmPassword with text: 123456
[ERROR] 19-02-2025 21:15:46 [main] [LogUtils] - Failed to capture screenshot: Illegal char <:> at index 33: screenshots\setText_19/02/2025 21:15:46.png
[INFO] 19-02-2025 21:15:46 [main] [LogUtils] - Test info: Clicking element with selector: //*[@id="createProviderAccountForm"]/button
[INFO] 19-02-2025 21:15:47 [main] [LogUtils] - Clicked element with selector: //*[@id="createProviderAccountForm"]/button
[ERROR] 19-02-2025 21:15:47 [main] [LogUtils] - Failed to capture screenshot: Illegal char <:> at index 38: screenshots\clickElement_19/02/2025 21:15:47.png
[ERROR] 19-02-2025 21:15:55 [main] [LogUtils] - Failed to capture screenshot: Illegal char <:> at index 54: screenshots\actionsPerformedInNewBrowser_19/02/2025 21:15:55.png
[INFO] 19-02-2025 21:15:56 [main] [LogUtils] - Returned to original browser instance.
[INFO] 19-02-2025 21:15:56 [main] [LogUtils] - Test info: Returned to original browser instance.
[ERROR] 19-02-2025 21:15:56 [main] [LogUtils] - Failed to capture screenshot: Illegal char <:> at index 51: screenshots\returnedToOriginalBrowser_19/02/2025 21:15:56.png
[INFO] 19-02-2025 21:16:04 [main] [LogUtils] - Test case: urlTest passed.
[INFO] 19-02-2025 21:16:04 [main] [LogUtils] - Screenshot captured and saved for: urlTest
[INFO] 19-02-2025 21:16:04 [main] [LogUtils] - Screenshot added with status: Pass | Name: urlTest - 1739979964521
[INFO] 19-02-2025 21:16:04 [main] [LogUtils] - Log message with status Pass: Test case: urlTest passed.
[INFO] 19-02-2025 21:16:04 [main] [LogUtils] - Closing browser and cleaning up...
[INFO] 19-02-2025 21:16:04 [main] [LogUtils] - ********** RUN FINISHED **********
[INFO] 19-02-2025 21:16:04 [main] [LogUtils] - =====> Ending Suite: Regression Tests 
[INFO] 19-02-2025 21:16:08 [main] [LogUtils] - ********** RUN STARTED **********
[INFO] 19-02-2025 21:16:08 [main] [LogUtils] - ========= INSTALLING CONFIGURATION DATA =========
[INFO] 19-02-2025 21:16:08 [main] [LogUtils] - Warning !! Can not Load All File.
[INFO] 19-02-2025 21:16:08 [main] [LogUtils] - ========= CONFIGURATION DATA INSTALLED =========
[INFO] 19-02-2025 21:16:08 [main] [LogUtils] - =====> Starting Suite: Regression Test1
[INFO] 19-02-2025 21:16:08 [main] [LogUtils] - ********** RUN FINISHED **********
[INFO] 19-02-2025 21:16:08 [main] [LogUtils] - =====> Ending Suite: Regression Test1
[INFO] 19-02-2025 22:31:47 [main] [LogUtils] - ********** RUN STARTED **********
[INFO] 19-02-2025 22:31:47 [main] [LogUtils] - ========= INSTALLING CONFIGURATION DATA =========
[INFO] 19-02-2025 22:31:47 [main] [LogUtils] - Warning !! Can not Load All File.
[INFO] 19-02-2025 22:31:48 [main] [LogUtils] - Warning !! Can not Load All File.
[INFO] 19-02-2025 22:31:48 [main] [LogUtils] - OVERRIDE EXTENT REPORTS = no
[INFO] 19-02-2025 22:31:48 [main] [LogUtils] - Link Extent Report: C:\Users\Gnana\IdeaProjects\PlaywrightJava\reports/ExtentReports\19_02_2025_22_31_48_ExtentReports.html
[INFO] 19-02-2025 22:31:49 [main] [LogUtils] - Extent Reports is installed.
[INFO] 19-02-2025 22:31:49 [main] [LogUtils] - ========= CONFIGURATION DATA INSTALLED =========
[INFO] 19-02-2025 22:31:49 [main] [LogUtils] - =====> Starting Suite: Regression Tests 
[INFO] 19-02-2025 22:31:49 [main] [LogUtils] - Excel File: C:\Users\Gnana\IdeaProjects\PlaywrightJava\src/test/resources/testdata/Common/ProviderData.xlsx
[INFO] 19-02-2025 22:31:49 [main] [LogUtils] - Sheet Name: SignIn
[INFO] 19-02-2025 22:31:51 [main] [LogUtils] - Row: 10 - Column: 2
[INFO] 19-02-2025 22:31:51 [main] [LogUtils] - StartRow: 2 - EndRow: 6
[INFO] 19-02-2025 22:31:51 [TestNG-PoolService-2] [LogUtils] - Creating Playwright instance using factory method...
[INFO] 19-02-2025 22:31:51 [TestNG-PoolService-4] [LogUtils] - Creating Playwright instance using factory method...
[INFO] 19-02-2025 22:31:51 [TestNG-PoolService-1] [LogUtils] - Creating Playwright instance using factory method...
[INFO] 19-02-2025 22:31:51 [TestNG-PoolService-3] [LogUtils] - Creating Playwright instance using factory method...
[INFO] 19-02-2025 22:31:51 [TestNG-PoolService-5] [LogUtils] - Creating Playwright instance using factory method...
[INFO] 19-02-2025 22:32:05 [TestNG-PoolService-4] [LogUtils] - Page instance created: com.microsoft.playwright.impl.PageImpl@53c75404
[INFO] 19-02-2025 22:32:07 [TestNG-PoolService-4] [LogUtils] - Test case: loginWithValidCredentials is starting...
[INFO] 19-02-2025 22:32:08 [TestNG-PoolService-4] [LogUtils] - Created test: loginWithValidCredentials
[INFO] 19-02-2025 22:32:08 [TestNG-PoolService-4] [LogUtils] - Assigned author: Gnanapandithan
[INFO] 19-02-2025 22:32:08 [TestNG-PoolService-4] [LogUtils] - Assigned category: REGRESSION
[INFO] 19-02-2025 22:32:08 [TestNG-PoolService-4] [LogUtils] - Assigned device info: CHROME
[INFO] 19-02-2025 22:32:08 [TestNG-PoolService-4] [LogUtils] - Test info: Windows 10
[INFO] 19-02-2025 22:32:08 [TestNG-PoolService-4] [LogUtils] - Set Excel File: src/test/resources/testdata/Common/ProviderData.xlsx
[INFO] 19-02-2025 22:32:08 [TestNG-PoolService-4] [LogUtils] - Sheet Name: SignIn
[INFO] 19-02-2025 22:32:09 [TestNG-PoolService-4] [LogUtils] - Navigating to URL: https://staging.withassured.com/sign-in
[INFO] 19-02-2025 22:32:09 [TestNG-PoolService-4] [LogUtils] - Test info: Navigating to URL: https://staging.withassured.com/sign-in
[INFO] 19-02-2025 22:32:09 [TestNG-PoolService-1] [LogUtils] - Page instance created: com.microsoft.playwright.impl.PageImpl@61144c12
[INFO] 19-02-2025 22:32:09 [TestNG-PoolService-1] [LogUtils] - Test case: loginWithValidCredentials is starting...
[INFO] 19-02-2025 22:32:09 [TestNG-PoolService-1] [LogUtils] - Created test: loginWithValidCredentials
[INFO] 19-02-2025 22:32:09 [TestNG-PoolService-1] [LogUtils] - Assigned author: Gnanapandithan
[INFO] 19-02-2025 22:32:09 [TestNG-PoolService-1] [LogUtils] - Assigned category: REGRESSION
[INFO] 19-02-2025 22:32:09 [TestNG-PoolService-1] [LogUtils] - Assigned device info: CHROME
[INFO] 19-02-2025 22:32:09 [TestNG-PoolService-1] [LogUtils] - Test info: Windows 10
[INFO] 19-02-2025 22:32:09 [TestNG-PoolService-1] [LogUtils] - Set Excel File: src/test/resources/testdata/Common/ProviderData.xlsx
[INFO] 19-02-2025 22:32:09 [TestNG-PoolService-1] [LogUtils] - Sheet Name: SignIn
[INFO] 19-02-2025 22:32:09 [TestNG-PoolService-1] [LogUtils] - Navigating to URL: https://staging.withassured.com/sign-in
[INFO] 19-02-2025 22:32:09 [TestNG-PoolService-1] [LogUtils] - Test info: Navigating to URL: https://staging.withassured.com/sign-in
[INFO] 19-02-2025 22:32:11 [TestNG-PoolService-2] [LogUtils] - Page instance created: com.microsoft.playwright.impl.PageImpl@3e8face5
[INFO] 19-02-2025 22:32:11 [TestNG-PoolService-2] [LogUtils] - Test case: loginWithValidCredentials is starting...
[INFO] 19-02-2025 22:32:11 [TestNG-PoolService-2] [LogUtils] - Created test: loginWithValidCredentials
[INFO] 19-02-2025 22:32:11 [TestNG-PoolService-2] [LogUtils] - Assigned author: Gnanapandithan
[INFO] 19-02-2025 22:32:11 [TestNG-PoolService-2] [LogUtils] - Assigned category: REGRESSION
[INFO] 19-02-2025 22:32:11 [TestNG-PoolService-2] [LogUtils] - Assigned device info: CHROME
[INFO] 19-02-2025 22:32:11 [TestNG-PoolService-2] [LogUtils] - Test info: Windows 10
[INFO] 19-02-2025 22:32:11 [TestNG-PoolService-2] [LogUtils] - Set Excel File: src/test/resources/testdata/Common/ProviderData.xlsx
[INFO] 19-02-2025 22:32:11 [TestNG-PoolService-2] [LogUtils] - Sheet Name: SignIn
[INFO] 19-02-2025 22:32:11 [TestNG-PoolService-2] [LogUtils] - Navigating to URL: https://staging.withassured.com/sign-in
[INFO] 19-02-2025 22:32:11 [TestNG-PoolService-2] [LogUtils] - Test info: Navigating to URL: https://staging.withassured.com/sign-in
[ERROR] 19-02-2025 22:32:11 [TestNG-PoolService-1] [LogUtils] - Failed to capture screenshot: Illegal char <:> at index 34: screenshots\navigate_19/02/2025 22:32:11.png
[INFO] 19-02-2025 22:32:11 [TestNG-PoolService-1] [LogUtils] - Filling in email: cashierngan023@gmail.com
[INFO] 19-02-2025 22:32:11 [TestNG-PoolService-1] [LogUtils] - Test info: Filling text into element with selector: //*[@id='normal_login_email'] | Value: cashierngan023@gmail.com
[ERROR] 19-02-2025 22:32:14 [TestNG-PoolService-4] [LogUtils] - Failed to capture screenshot: Illegal char <:> at index 34: screenshots\navigate_19/02/2025 22:32:14.png
[INFO] 19-02-2025 22:32:14 [TestNG-PoolService-4] [LogUtils] - Filling in email: qazdqsd@lk.com
[INFO] 19-02-2025 22:32:14 [TestNG-PoolService-4] [LogUtils] - Test info: Filling text into element with selector: //*[@id='normal_login_email'] | Value: qazdqsd@lk.com
[ERROR] 19-02-2025 22:32:14 [TestNG-PoolService-2] [LogUtils] - Failed to capture screenshot: Illegal char <:> at index 34: screenshots\navigate_19/02/2025 22:32:14.png
[INFO] 19-02-2025 22:32:14 [TestNG-PoolService-2] [LogUtils] - Filling in email: abc@abc.com
[INFO] 19-02-2025 22:32:14 [TestNG-PoolService-2] [LogUtils] - Test info: Filling text into element with selector: //*[@id='normal_login_email'] | Value: abc@abc.com
[INFO] 19-02-2025 22:32:17 [TestNG-PoolService-5] [LogUtils] - Page instance created: com.microsoft.playwright.impl.PageImpl@6dc03aab
[INFO] 19-02-2025 22:32:17 [TestNG-PoolService-5] [LogUtils] - Test case: loginWithValidCredentials is starting...
[INFO] 19-02-2025 22:32:17 [TestNG-PoolService-5] [LogUtils] - Created test: loginWithValidCredentials
[INFO] 19-02-2025 22:32:17 [TestNG-PoolService-5] [LogUtils] - Assigned author: Gnanapandithan
[INFO] 19-02-2025 22:32:17 [TestNG-PoolService-5] [LogUtils] - Assigned category: REGRESSION
[INFO] 19-02-2025 22:32:17 [TestNG-PoolService-5] [LogUtils] - Assigned device info: CHROME
[INFO] 19-02-2025 22:32:17 [TestNG-PoolService-5] [LogUtils] - Test info: Windows 10
[INFO] 19-02-2025 22:32:17 [TestNG-PoolService-5] [LogUtils] - Set Excel File: src/test/resources/testdata/Common/ProviderData.xlsx
[INFO] 19-02-2025 22:32:17 [TestNG-PoolService-5] [LogUtils] - Sheet Name: SignIn
[INFO] 19-02-2025 22:32:18 [TestNG-PoolService-3] [LogUtils] - Page instance created: com.microsoft.playwright.impl.PageImpl@30ec95cd
[INFO] 19-02-2025 22:32:18 [TestNG-PoolService-5] [LogUtils] - Navigating to URL: https://staging.withassured.com/sign-in
[INFO] 19-02-2025 22:32:18 [TestNG-PoolService-5] [LogUtils] - Test info: Navigating to URL: https://staging.withassured.com/sign-in
[INFO] 19-02-2025 22:32:18 [TestNG-PoolService-3] [LogUtils] - Test case: loginWithValidCredentials is starting...
[INFO] 19-02-2025 22:32:18 [TestNG-PoolService-3] [LogUtils] - Created test: loginWithValidCredentials
[INFO] 19-02-2025 22:32:18 [TestNG-PoolService-3] [LogUtils] - Assigned author: Gnanapandithan
[INFO] 19-02-2025 22:32:18 [TestNG-PoolService-3] [LogUtils] - Assigned category: REGRESSION
[INFO] 19-02-2025 22:32:18 [TestNG-PoolService-3] [LogUtils] - Assigned device info: CHROME
[INFO] 19-02-2025 22:32:18 [TestNG-PoolService-3] [LogUtils] - Test info: Windows 10
[INFO] 19-02-2025 22:32:18 [TestNG-PoolService-3] [LogUtils] - Set Excel File: src/test/resources/testdata/Common/ProviderData.xlsx
[INFO] 19-02-2025 22:32:18 [TestNG-PoolService-3] [LogUtils] - Sheet Name: SignIn
[INFO] 19-02-2025 22:32:18 [TestNG-PoolService-3] [LogUtils] - Navigating to URL: https://staging.withassured.com/sign-in
[INFO] 19-02-2025 22:32:18 [TestNG-PoolService-3] [LogUtils] - Test info: Navigating to URL: https://staging.withassured.com/sign-in
[ERROR] 19-02-2025 22:32:20 [TestNG-PoolService-3] [LogUtils] - Failed to capture screenshot: Illegal char <:> at index 34: screenshots\navigate_19/02/2025 22:32:20.png
[INFO] 19-02-2025 22:32:20 [TestNG-PoolService-3] [LogUtils] - Filling in email: bbcd@lk.com
[INFO] 19-02-2025 22:32:20 [TestNG-PoolService-3] [LogUtils] - Test info: Filling text into element with selector: //*[@id='normal_login_email'] | Value: bbcd@lk.com
[ERROR] 19-02-2025 22:32:20 [TestNG-PoolService-5] [LogUtils] - Failed to capture screenshot: Illegal char <:> at index 34: screenshots\navigate_19/02/2025 22:32:20.png
[INFO] 19-02-2025 22:32:20 [TestNG-PoolService-5] [LogUtils] - Filling in email: hjkl@ik.com
[INFO] 19-02-2025 22:32:20 [TestNG-PoolService-5] [LogUtils] - Test info: Filling text into element with selector: //*[@id='normal_login_email'] | Value: hjkl@ik.com
[INFO] 19-02-2025 22:32:21 [TestNG-PoolService-5] [LogUtils] - Filled element with selector: //*[@id='normal_login_email'] with text: hjkl@ik.com
[ERROR] 19-02-2025 22:32:21 [TestNG-PoolService-5] [LogUtils] - Failed to capture screenshot: Illegal char <:> at index 33: screenshots\setText_19/02/2025 22:32:21.png
[INFO] 19-02-2025 22:32:21 [TestNG-PoolService-5] [LogUtils] - Filling in password.
[INFO] 19-02-2025 22:32:21 [TestNG-PoolService-5] [LogUtils] - Test info: Filling text into element with selector: //*[@id='normal_login_password'] | Value: sdkjf1231
[INFO] 19-02-2025 22:32:21 [TestNG-PoolService-5] [LogUtils] - Filled element with selector: //*[@id='normal_login_password'] with text: sdkjf1231
[ERROR] 19-02-2025 22:32:21 [TestNG-PoolService-5] [LogUtils] - Failed to capture screenshot: Illegal char <:> at index 33: screenshots\setText_19/02/2025 22:32:21.png
[INFO] 19-02-2025 22:32:21 [TestNG-PoolService-5] [LogUtils] - Test info: Clicking element with selector: //button[@type='submit']/span
[INFO] 19-02-2025 22:32:21 [TestNG-PoolService-5] [LogUtils] - Clicked element with selector: //button[@type='submit']/span
[ERROR] 19-02-2025 22:32:21 [TestNG-PoolService-5] [LogUtils] - Failed to capture screenshot: Illegal char <:> at index 38: screenshots\clickElement_19/02/2025 22:32:21.png
[INFO] 19-02-2025 22:32:21 [TestNG-PoolService-5] [LogUtils] - Test case: loginWithValidCredentials passed.
[INFO] 19-02-2025 22:32:22 [TestNG-PoolService-1] [LogUtils] - Filled element with selector: //*[@id='normal_login_email'] with text: cashierngan023@gmail.com
[ERROR] 19-02-2025 22:32:22 [TestNG-PoolService-1] [LogUtils] - Failed to capture screenshot: Illegal char <:> at index 33: screenshots\setText_19/02/2025 22:32:22.png
[INFO] 19-02-2025 22:32:22 [TestNG-PoolService-1] [LogUtils] - Filling in password.
[INFO] 19-02-2025 22:32:22 [TestNG-PoolService-1] [LogUtils] - Test info: Filling text into element with selector: //*[@id='normal_login_password'] | Value: abc12
[INFO] 19-02-2025 22:32:22 [TestNG-PoolService-2] [LogUtils] - Filled element with selector: //*[@id='normal_login_email'] with text: abc@abc.com
[ERROR] 19-02-2025 22:32:22 [TestNG-PoolService-2] [LogUtils] - Failed to capture screenshot: Illegal char <:> at index 33: screenshots\setText_19/02/2025 22:32:22.png
[INFO] 19-02-2025 22:32:22 [TestNG-PoolService-2] [LogUtils] - Filling in password.
[INFO] 19-02-2025 22:32:22 [TestNG-PoolService-2] [LogUtils] - Test info: Filling text into element with selector: //*[@id='normal_login_password'] | Value: 12Bcd
[INFO] 19-02-2025 22:32:22 [TestNG-PoolService-5] [LogUtils] - Screenshot captured and saved for: loginWithValidCredentials
[INFO] 19-02-2025 22:32:22 [TestNG-PoolService-1] [LogUtils] - Filled element with selector: //*[@id='normal_login_password'] with text: abc12
[ERROR] 19-02-2025 22:32:22 [TestNG-PoolService-1] [LogUtils] - Failed to capture screenshot: Illegal char <:> at index 33: screenshots\setText_19/02/2025 22:32:22.png
[INFO] 19-02-2025 22:32:22 [TestNG-PoolService-1] [LogUtils] - Test info: Clicking element with selector: //button[@type='submit']/span
[INFO] 19-02-2025 22:32:22 [TestNG-PoolService-5] [LogUtils] - Screenshot added with status: Pass | Name: loginWithValidCredentials - 1739984542267
[INFO] 19-02-2025 22:32:22 [TestNG-PoolService-5] [LogUtils] - Log message with status Pass: Test case: loginWithValidCredentials passed.
[INFO] 19-02-2025 22:32:23 [TestNG-PoolService-5] [LogUtils] - Closing browser and cleaning up...
[INFO] 19-02-2025 22:32:25 [TestNG-PoolService-2] [LogUtils] - Filled element with selector: //*[@id='normal_login_password'] with text: 12Bcd
[ERROR] 19-02-2025 22:32:25 [TestNG-PoolService-2] [LogUtils] - Failed to capture screenshot: Illegal char <:> at index 33: screenshots\setText_19/02/2025 22:32:25.png
[INFO] 19-02-2025 22:32:25 [TestNG-PoolService-2] [LogUtils] - Test info: Clicking element with selector: //button[@type='submit']/span
[INFO] 19-02-2025 22:32:25 [TestNG-PoolService-3] [LogUtils] - Filled element with selector: //*[@id='normal_login_email'] with text: bbcd@lk.com
[ERROR] 19-02-2025 22:32:25 [TestNG-PoolService-3] [LogUtils] - Failed to capture screenshot: Illegal char <:> at index 33: screenshots\setText_19/02/2025 22:32:25.png
[INFO] 19-02-2025 22:32:25 [TestNG-PoolService-3] [LogUtils] - Filling in password.
[INFO] 19-02-2025 22:32:25 [TestNG-PoolService-3] [LogUtils] - Test info: Filling text into element with selector: //*[@id='normal_login_password'] | Value: 789ght
[INFO] 19-02-2025 22:32:25 [TestNG-PoolService-3] [LogUtils] - Filled element with selector: //*[@id='normal_login_password'] with text: 789ght
[ERROR] 19-02-2025 22:32:25 [TestNG-PoolService-3] [LogUtils] - Failed to capture screenshot: Illegal char <:> at index 33: screenshots\setText_19/02/2025 22:32:25.png
[INFO] 19-02-2025 22:32:25 [TestNG-PoolService-3] [LogUtils] - Test info: Clicking element with selector: //button[@type='submit']/span
[INFO] 19-02-2025 22:32:26 [TestNG-PoolService-3] [LogUtils] - Clicked element with selector: //button[@type='submit']/span
[ERROR] 19-02-2025 22:32:26 [TestNG-PoolService-3] [LogUtils] - Failed to capture screenshot: Illegal char <:> at index 38: screenshots\clickElement_19/02/2025 22:32:26.png
[INFO] 19-02-2025 22:32:26 [TestNG-PoolService-3] [LogUtils] - Test case: loginWithValidCredentials passed.
[INFO] 19-02-2025 22:32:26 [TestNG-PoolService-3] [LogUtils] - Screenshot captured and saved for: loginWithValidCredentials
[INFO] 19-02-2025 22:32:26 [TestNG-PoolService-3] [LogUtils] - Screenshot added with status: Pass | Name: loginWithValidCredentials - 1739984546305
[INFO] 19-02-2025 22:32:26 [TestNG-PoolService-3] [LogUtils] - Log message with status Pass: Test case: loginWithValidCredentials passed.
[INFO] 19-02-2025 22:32:26 [TestNG-PoolService-4] [LogUtils] - Filled element with selector: //*[@id='normal_login_email'] with text: qazdqsd@lk.com
[ERROR] 19-02-2025 22:32:26 [TestNG-PoolService-4] [LogUtils] - Failed to capture screenshot: Illegal char <:> at index 33: screenshots\setText_19/02/2025 22:32:26.png
[INFO] 19-02-2025 22:32:26 [TestNG-PoolService-4] [LogUtils] - Filling in password.
[INFO] 19-02-2025 22:32:26 [TestNG-PoolService-4] [LogUtils] - Test info: Filling text into element with selector: //*[@id='normal_login_password'] | Value: abc32
[INFO] 19-02-2025 22:32:26 [TestNG-PoolService-4] [LogUtils] - Filled element with selector: //*[@id='normal_login_password'] with text: abc32
[ERROR] 19-02-2025 22:32:26 [TestNG-PoolService-4] [LogUtils] - Failed to capture screenshot: Illegal char <:> at index 33: screenshots\setText_19/02/2025 22:32:26.png
[INFO] 19-02-2025 22:32:26 [TestNG-PoolService-4] [LogUtils] - Test info: Clicking element with selector: //button[@type='submit']/span
[INFO] 19-02-2025 22:32:26 [TestNG-PoolService-3] [LogUtils] - Closing browser and cleaning up...
[INFO] 19-02-2025 22:32:27 [TestNG-PoolService-2] [LogUtils] - Clicked element with selector: //button[@type='submit']/span
[ERROR] 19-02-2025 22:32:27 [TestNG-PoolService-2] [LogUtils] - Failed to capture screenshot: Illegal char <:> at index 38: screenshots\clickElement_19/02/2025 22:32:27.png
[INFO] 19-02-2025 22:32:27 [TestNG-PoolService-2] [LogUtils] - Test case: loginWithValidCredentials passed.
[INFO] 19-02-2025 22:32:27 [TestNG-PoolService-2] [LogUtils] - Screenshot captured and saved for: loginWithValidCredentials
[INFO] 19-02-2025 22:32:27 [TestNG-PoolService-2] [LogUtils] - Screenshot added with status: Pass | Name: loginWithValidCredentials - 1739984547574
[INFO] 19-02-2025 22:32:27 [TestNG-PoolService-2] [LogUtils] - Log message with status Pass: Test case: loginWithValidCredentials passed.
[INFO] 19-02-2025 22:32:28 [TestNG-PoolService-2] [LogUtils] - Closing browser and cleaning up...
[INFO] 19-02-2025 22:32:29 [TestNG-PoolService-1] [LogUtils] - Clicked element with selector: //button[@type='submit']/span
[ERROR] 19-02-2025 22:32:29 [TestNG-PoolService-1] [LogUtils] - Failed to capture screenshot: Illegal char <:> at index 38: screenshots\clickElement_19/02/2025 22:32:29.png
[INFO] 19-02-2025 22:32:29 [TestNG-PoolService-1] [LogUtils] - Test case: loginWithValidCredentials passed.
[INFO] 19-02-2025 22:32:29 [TestNG-PoolService-1] [LogUtils] - Screenshot captured and saved for: loginWithValidCredentials
[INFO] 19-02-2025 22:32:29 [TestNG-PoolService-1] [LogUtils] - Screenshot added with status: Pass | Name: loginWithValidCredentials - 1739984549257
[INFO] 19-02-2025 22:32:29 [TestNG-PoolService-1] [LogUtils] - Log message with status Pass: Test case: loginWithValidCredentials passed.
[INFO] 19-02-2025 22:32:29 [TestNG-PoolService-1] [LogUtils] - Closing browser and cleaning up...
[INFO] 19-02-2025 22:32:30 [TestNG-PoolService-4] [LogUtils] - Clicked element with selector: //button[@type='submit']/span
[ERROR] 19-02-2025 22:32:30 [TestNG-PoolService-4] [LogUtils] - Failed to capture screenshot: Illegal char <:> at index 38: screenshots\clickElement_19/02/2025 22:32:30.png
[INFO] 19-02-2025 22:32:30 [TestNG-PoolService-4] [LogUtils] - Test case: loginWithValidCredentials passed.
[INFO] 19-02-2025 22:32:30 [TestNG-PoolService-4] [LogUtils] - Screenshot captured and saved for: loginWithValidCredentials
[INFO] 19-02-2025 22:32:30 [TestNG-PoolService-4] [LogUtils] - Screenshot added with status: Pass | Name: loginWithValidCredentials - 1739984550606
[INFO] 19-02-2025 22:32:30 [TestNG-PoolService-4] [LogUtils] - Log message with status Pass: Test case: loginWithValidCredentials passed.
[INFO] 19-02-2025 22:32:30 [TestNG-PoolService-4] [LogUtils] - Closing browser and cleaning up...
[INFO] 19-02-2025 22:32:31 [main] [LogUtils] - Excel File: C:\Users\Gnana\IdeaProjects\PlaywrightJava\src/test/resources/testdata/Common/ProviderData.xlsx
[INFO] 19-02-2025 22:32:31 [main] [LogUtils] - Sheet Name: SignIn
[INFO] 19-02-2025 22:32:31 [main] [LogUtils] - Row: 10 - Column: 2
[INFO] 19-02-2025 22:32:31 [main] [LogUtils] - StartRow: 2 - EndRow: 6
[INFO] 19-02-2025 22:32:31 [TestNG-PoolService-2] [LogUtils] - Creating Playwright instance using factory method...
[INFO] 19-02-2025 22:32:31 [TestNG-PoolService-1] [LogUtils] - Creating Playwright instance using factory method...
[INFO] 19-02-2025 22:32:31 [TestNG-PoolService-3] [LogUtils] - Creating Playwright instance using factory method...
[INFO] 19-02-2025 22:32:31 [TestNG-PoolService-4] [LogUtils] - Creating Playwright instance using factory method...
[INFO] 19-02-2025 22:32:31 [TestNG-PoolService-5] [LogUtils] - Creating Playwright instance using factory method...
[INFO] 19-02-2025 22:32:39 [TestNG-PoolService-4] [LogUtils] - Page instance created: com.microsoft.playwright.impl.PageImpl@ae46da3
[INFO] 19-02-2025 22:32:39 [TestNG-PoolService-4] [LogUtils] - Test case: loginWithInValidCredentials is starting...
[INFO] 19-02-2025 22:32:39 [TestNG-PoolService-4] [LogUtils] - Created test: loginWithInValidCredentials
[INFO] 19-02-2025 22:32:39 [TestNG-PoolService-4] [LogUtils] - Assigned author: Gnanapandithan
[INFO] 19-02-2025 22:32:39 [TestNG-PoolService-4] [LogUtils] - Assigned category: REGRESSION
[INFO] 19-02-2025 22:32:39 [TestNG-PoolService-4] [LogUtils] - Assigned device info: CHROME
[INFO] 19-02-2025 22:32:39 [TestNG-PoolService-4] [LogUtils] - Test info: Windows 10
[INFO] 19-02-2025 22:32:39 [TestNG-PoolService-4] [LogUtils] - Set Excel File: src/test/resources/testdata/Common/ProviderData.xlsx
[INFO] 19-02-2025 22:32:39 [TestNG-PoolService-4] [LogUtils] - Sheet Name: SignIn
[INFO] 19-02-2025 22:32:40 [TestNG-PoolService-4] [LogUtils] - Navigating to URL: https://staging.withassured.com/sign-in
[INFO] 19-02-2025 22:32:40 [TestNG-PoolService-4] [LogUtils] - Test info: Navigating to URL: https://staging.withassured.com/sign-in
[ERROR] 19-02-2025 22:32:41 [TestNG-PoolService-4] [LogUtils] - Failed to capture screenshot: Illegal char <:> at index 34: screenshots\navigate_19/02/2025 22:32:41.png
[INFO] 19-02-2025 22:32:41 [TestNG-PoolService-4] [LogUtils] - Filling in email: qazdqsd@lk.com
[INFO] 19-02-2025 22:32:41 [TestNG-PoolService-4] [LogUtils] - Test info: Filling text into element with selector: //*[@id='normal_login_email'] | Value: qazdqsd@lk.com
[INFO] 19-02-2025 22:32:42 [TestNG-PoolService-3] [LogUtils] - Page instance created: com.microsoft.playwright.impl.PageImpl@6ceeb5ed
[INFO] 19-02-2025 22:32:42 [TestNG-PoolService-3] [LogUtils] - Test case: loginWithInValidCredentials is starting...
[INFO] 19-02-2025 22:32:42 [TestNG-PoolService-3] [LogUtils] - Created test: loginWithInValidCredentials
[INFO] 19-02-2025 22:32:42 [TestNG-PoolService-3] [LogUtils] - Assigned author: Gnanapandithan
[INFO] 19-02-2025 22:32:42 [TestNG-PoolService-3] [LogUtils] - Assigned category: REGRESSION
[INFO] 19-02-2025 22:32:42 [TestNG-PoolService-3] [LogUtils] - Assigned device info: CHROME
[INFO] 19-02-2025 22:32:42 [TestNG-PoolService-3] [LogUtils] - Test info: Windows 10
[INFO] 19-02-2025 22:32:42 [TestNG-PoolService-3] [LogUtils] - Set Excel File: src/test/resources/testdata/Common/ProviderData.xlsx
[INFO] 19-02-2025 22:32:42 [TestNG-PoolService-3] [LogUtils] - Sheet Name: SignIn
[INFO] 19-02-2025 22:32:42 [TestNG-PoolService-3] [LogUtils] - Navigating to URL: https://staging.withassured.com/sign-in
[INFO] 19-02-2025 22:32:42 [TestNG-PoolService-3] [LogUtils] - Test info: Navigating to URL: https://staging.withassured.com/sign-in
[INFO] 19-02-2025 22:32:45 [TestNG-PoolService-5] [LogUtils] - Page instance created: com.microsoft.playwright.impl.PageImpl@55cc4ad9
[INFO] 19-02-2025 22:32:45 [TestNG-PoolService-5] [LogUtils] - Test case: loginWithInValidCredentials is starting...
[INFO] 19-02-2025 22:32:45 [TestNG-PoolService-5] [LogUtils] - Created test: loginWithInValidCredentials
[INFO] 19-02-2025 22:32:45 [TestNG-PoolService-5] [LogUtils] - Assigned author: Gnanapandithan
[INFO] 19-02-2025 22:32:45 [TestNG-PoolService-5] [LogUtils] - Assigned category: REGRESSION
[INFO] 19-02-2025 22:32:45 [TestNG-PoolService-5] [LogUtils] - Assigned device info: CHROME
[INFO] 19-02-2025 22:32:45 [TestNG-PoolService-5] [LogUtils] - Test info: Windows 10
[INFO] 19-02-2025 22:32:45 [TestNG-PoolService-5] [LogUtils] - Set Excel File: src/test/resources/testdata/Common/ProviderData.xlsx
[INFO] 19-02-2025 22:32:45 [TestNG-PoolService-5] [LogUtils] - Sheet Name: SignIn
[INFO] 19-02-2025 22:32:45 [TestNG-PoolService-5] [LogUtils] - Navigating to URL: https://staging.withassured.com/sign-in
[INFO] 19-02-2025 22:32:45 [TestNG-PoolService-5] [LogUtils] - Test info: Navigating to URL: https://staging.withassured.com/sign-in
[ERROR] 19-02-2025 22:32:46 [TestNG-PoolService-3] [LogUtils] - Failed to capture screenshot: Illegal char <:> at index 34: screenshots\navigate_19/02/2025 22:32:46.png
[INFO] 19-02-2025 22:32:46 [TestNG-PoolService-3] [LogUtils] - Filling in email: bbcd@lk.com
[INFO] 19-02-2025 22:32:46 [TestNG-PoolService-3] [LogUtils] - Test info: Filling text into element with selector: //*[@id='normal_login_email'] | Value: bbcd@lk.com
[INFO] 19-02-2025 22:32:47 [TestNG-PoolService-2] [LogUtils] - Page instance created: com.microsoft.playwright.impl.PageImpl@4a1cfad6
[INFO] 19-02-2025 22:32:47 [TestNG-PoolService-2] [LogUtils] - Test case: loginWithInValidCredentials is starting...
[INFO] 19-02-2025 22:32:47 [TestNG-PoolService-2] [LogUtils] - Created test: loginWithInValidCredentials
[INFO] 19-02-2025 22:32:47 [TestNG-PoolService-2] [LogUtils] - Assigned author: Gnanapandithan
[INFO] 19-02-2025 22:32:47 [TestNG-PoolService-2] [LogUtils] - Assigned category: REGRESSION
[INFO] 19-02-2025 22:32:47 [TestNG-PoolService-2] [LogUtils] - Assigned device info: CHROME
[INFO] 19-02-2025 22:32:47 [TestNG-PoolService-2] [LogUtils] - Test info: Windows 10
[INFO] 19-02-2025 22:32:47 [TestNG-PoolService-2] [LogUtils] - Set Excel File: src/test/resources/testdata/Common/ProviderData.xlsx
[INFO] 19-02-2025 22:32:47 [TestNG-PoolService-2] [LogUtils] - Sheet Name: SignIn
[INFO] 19-02-2025 22:32:47 [TestNG-PoolService-2] [LogUtils] - Navigating to URL: https://staging.withassured.com/sign-in
[INFO] 19-02-2025 22:32:47 [TestNG-PoolService-2] [LogUtils] - Test info: Navigating to URL: https://staging.withassured.com/sign-in
[ERROR] 19-02-2025 22:32:47 [TestNG-PoolService-5] [LogUtils] - Failed to capture screenshot: Illegal char <:> at index 34: screenshots\navigate_19/02/2025 22:32:47.png
[INFO] 19-02-2025 22:32:47 [TestNG-PoolService-5] [LogUtils] - Filling in email: hjkl@ik.com
[INFO] 19-02-2025 22:32:47 [TestNG-PoolService-5] [LogUtils] - Test info: Filling text into element with selector: //*[@id='normal_login_email'] | Value: hjkl@ik.com
[INFO] 19-02-2025 22:32:51 [TestNG-PoolService-4] [LogUtils] - Filled element with selector: //*[@id='normal_login_email'] with text: qazdqsd@lk.com
[ERROR] 19-02-2025 22:32:51 [TestNG-PoolService-4] [LogUtils] - Failed to capture screenshot: Illegal char <:> at index 33: screenshots\setText_19/02/2025 22:32:51.png
[INFO] 19-02-2025 22:32:51 [TestNG-PoolService-4] [LogUtils] - Filling in password.
[INFO] 19-02-2025 22:32:51 [TestNG-PoolService-4] [LogUtils] - Test info: Filling text into element with selector: //*[@id='normal_login_password'] | Value: abc32
[INFO] 19-02-2025 22:32:51 [TestNG-PoolService-4] [LogUtils] - Filled element with selector: //*[@id='normal_login_password'] with text: abc32
[ERROR] 19-02-2025 22:32:51 [TestNG-PoolService-4] [LogUtils] - Failed to capture screenshot: Illegal char <:> at index 33: screenshots\setText_19/02/2025 22:32:51.png
[INFO] 19-02-2025 22:32:51 [TestNG-PoolService-4] [LogUtils] - Test info: Clicking element with selector: //button[@type='submit']/span
[INFO] 19-02-2025 22:32:52 [TestNG-PoolService-5] [LogUtils] - Filled element with selector: //*[@id='normal_login_email'] with text: hjkl@ik.com
[ERROR] 19-02-2025 22:32:52 [TestNG-PoolService-5] [LogUtils] - Failed to capture screenshot: Illegal char <:> at index 33: screenshots\setText_19/02/2025 22:32:52.png
[INFO] 19-02-2025 22:32:52 [TestNG-PoolService-5] [LogUtils] - Filling in password.
[INFO] 19-02-2025 22:32:52 [TestNG-PoolService-5] [LogUtils] - Test info: Filling text into element with selector: //*[@id='normal_login_password'] | Value: sdkjf1231
[INFO] 19-02-2025 22:32:52 [TestNG-PoolService-5] [LogUtils] - Filled element with selector: //*[@id='normal_login_password'] with text: sdkjf1231
[ERROR] 19-02-2025 22:32:52 [TestNG-PoolService-5] [LogUtils] - Failed to capture screenshot: Illegal char <:> at index 33: screenshots\setText_19/02/2025 22:32:52.png
[INFO] 19-02-2025 22:32:52 [TestNG-PoolService-5] [LogUtils] - Test info: Clicking element with selector: //button[@type='submit']/span
[ERROR] 19-02-2025 22:32:52 [TestNG-PoolService-2] [LogUtils] - Failed to capture screenshot: Illegal char <:> at index 34: screenshots\navigate_19/02/2025 22:32:52.png
[INFO] 19-02-2025 22:32:52 [TestNG-PoolService-2] [LogUtils] - Filling in email: abc@abc.com
[INFO] 19-02-2025 22:32:52 [TestNG-PoolService-2] [LogUtils] - Test info: Filling text into element with selector: //*[@id='normal_login_email'] | Value: abc@abc.com
[INFO] 19-02-2025 22:32:52 [TestNG-PoolService-3] [LogUtils] - Filled element with selector: //*[@id='normal_login_email'] with text: bbcd@lk.com
[ERROR] 19-02-2025 22:32:52 [TestNG-PoolService-3] [LogUtils] - Failed to capture screenshot: Illegal char <:> at index 33: screenshots\setText_19/02/2025 22:32:52.png
[INFO] 19-02-2025 22:32:52 [TestNG-PoolService-3] [LogUtils] - Filling in password.
[INFO] 19-02-2025 22:32:52 [TestNG-PoolService-3] [LogUtils] - Test info: Filling text into element with selector: //*[@id='normal_login_password'] | Value: 789ght
[INFO] 19-02-2025 22:32:52 [TestNG-PoolService-2] [LogUtils] - Filled element with selector: //*[@id='normal_login_email'] with text: abc@abc.com
[ERROR] 19-02-2025 22:32:52 [TestNG-PoolService-2] [LogUtils] - Failed to capture screenshot: Illegal char <:> at index 33: screenshots\setText_19/02/2025 22:32:52.png
[INFO] 19-02-2025 22:32:52 [TestNG-PoolService-2] [LogUtils] - Filling in password.
[INFO] 19-02-2025 22:32:52 [TestNG-PoolService-2] [LogUtils] - Test info: Filling text into element with selector: //*[@id='normal_login_password'] | Value: 12Bcd
[INFO] 19-02-2025 22:32:52 [TestNG-PoolService-3] [LogUtils] - Filled element with selector: //*[@id='normal_login_password'] with text: 789ght
[ERROR] 19-02-2025 22:32:52 [TestNG-PoolService-3] [LogUtils] - Failed to capture screenshot: Illegal char <:> at index 33: screenshots\setText_19/02/2025 22:32:52.png
[INFO] 19-02-2025 22:32:52 [TestNG-PoolService-3] [LogUtils] - Test info: Clicking element with selector: //button[@type='submit']/span
[INFO] 19-02-2025 22:32:52 [TestNG-PoolService-2] [LogUtils] - Filled element with selector: //*[@id='normal_login_password'] with text: 12Bcd
[ERROR] 19-02-2025 22:32:52 [TestNG-PoolService-2] [LogUtils] - Failed to capture screenshot: Illegal char <:> at index 33: screenshots\setText_19/02/2025 22:32:52.png
[INFO] 19-02-2025 22:32:52 [TestNG-PoolService-2] [LogUtils] - Test info: Clicking element with selector: //button[@type='submit']/span
[INFO] 19-02-2025 22:32:53 [TestNG-PoolService-2] [LogUtils] - Clicked element with selector: //button[@type='submit']/span
[ERROR] 19-02-2025 22:32:53 [TestNG-PoolService-2] [LogUtils] - Failed to capture screenshot: Illegal char <:> at index 38: screenshots\clickElement_19/02/2025 22:32:53.png
[INFO] 19-02-2025 22:32:53 [TestNG-PoolService-2] [LogUtils] - Test case: loginWithInValidCredentials passed.
[INFO] 19-02-2025 22:32:53 [TestNG-PoolService-2] [LogUtils] - Screenshot captured and saved for: loginWithInValidCredentials
[INFO] 19-02-2025 22:32:53 [TestNG-PoolService-2] [LogUtils] - Screenshot added with status: Pass | Name: loginWithInValidCredentials - 1739984573357
[INFO] 19-02-2025 22:32:53 [TestNG-PoolService-2] [LogUtils] - Log message with status Pass: Test case: loginWithInValidCredentials passed.
[INFO] 19-02-2025 22:32:53 [TestNG-PoolService-2] [LogUtils] - Closing browser and cleaning up...
[INFO] 19-02-2025 22:32:54 [TestNG-PoolService-5] [LogUtils] - Clicked element with selector: //button[@type='submit']/span
[ERROR] 19-02-2025 22:32:54 [TestNG-PoolService-5] [LogUtils] - Failed to capture screenshot: Illegal char <:> at index 38: screenshots\clickElement_19/02/2025 22:32:54.png
[INFO] 19-02-2025 22:32:54 [TestNG-PoolService-5] [LogUtils] - Test case: loginWithInValidCredentials passed.
[INFO] 19-02-2025 22:32:55 [TestNG-PoolService-5] [LogUtils] - Screenshot captured and saved for: loginWithInValidCredentials
[INFO] 19-02-2025 22:32:55 [TestNG-PoolService-5] [LogUtils] - Screenshot added with status: Pass | Name: loginWithInValidCredentials - 1739984575224
[INFO] 19-02-2025 22:32:55 [TestNG-PoolService-5] [LogUtils] - Log message with status Pass: Test case: loginWithInValidCredentials passed.
[INFO] 19-02-2025 22:32:55 [TestNG-PoolService-5] [LogUtils] - Closing browser and cleaning up...
[INFO] 19-02-2025 22:32:56 [TestNG-PoolService-1] [LogUtils] - Page instance created: com.microsoft.playwright.impl.PageImpl@38443093
[INFO] 19-02-2025 22:32:56 [TestNG-PoolService-1] [LogUtils] - Test case: loginWithInValidCredentials is starting...
[INFO] 19-02-2025 22:32:56 [TestNG-PoolService-1] [LogUtils] - Created test: loginWithInValidCredentials
[INFO] 19-02-2025 22:32:56 [TestNG-PoolService-1] [LogUtils] - Assigned author: Gnanapandithan
[INFO] 19-02-2025 22:32:56 [TestNG-PoolService-1] [LogUtils] - Assigned category: REGRESSION
[INFO] 19-02-2025 22:32:56 [TestNG-PoolService-1] [LogUtils] - Assigned device info: CHROME
[INFO] 19-02-2025 22:32:56 [TestNG-PoolService-1] [LogUtils] - Test info: Windows 10
[INFO] 19-02-2025 22:32:56 [TestNG-PoolService-1] [LogUtils] - Set Excel File: src/test/resources/testdata/Common/ProviderData.xlsx
[INFO] 19-02-2025 22:32:56 [TestNG-PoolService-1] [LogUtils] - Sheet Name: SignIn
[INFO] 19-02-2025 22:32:56 [TestNG-PoolService-1] [LogUtils] - Navigating to URL: https://staging.withassured.com/sign-in
[INFO] 19-02-2025 22:32:56 [TestNG-PoolService-1] [LogUtils] - Test info: Navigating to URL: https://staging.withassured.com/sign-in
[ERROR] 19-02-2025 22:32:57 [TestNG-PoolService-1] [LogUtils] - Failed to capture screenshot: Illegal char <:> at index 34: screenshots\navigate_19/02/2025 22:32:57.png
[INFO] 19-02-2025 22:32:57 [TestNG-PoolService-1] [LogUtils] - Filling in email: cashierngan023@gmail.com
[INFO] 19-02-2025 22:32:57 [TestNG-PoolService-1] [LogUtils] - Test info: Filling text into element with selector: //*[@id='normal_login_email'] | Value: cashierngan023@gmail.com
[INFO] 19-02-2025 22:32:58 [TestNG-PoolService-1] [LogUtils] - Filled element with selector: //*[@id='normal_login_email'] with text: cashierngan023@gmail.com
[ERROR] 19-02-2025 22:32:58 [TestNG-PoolService-1] [LogUtils] - Failed to capture screenshot: Illegal char <:> at index 33: screenshots\setText_19/02/2025 22:32:58.png
[INFO] 19-02-2025 22:32:58 [TestNG-PoolService-1] [LogUtils] - Filling in password.
[INFO] 19-02-2025 22:32:58 [TestNG-PoolService-1] [LogUtils] - Test info: Filling text into element with selector: //*[@id='normal_login_password'] | Value: abc12
[INFO] 19-02-2025 22:32:58 [TestNG-PoolService-1] [LogUtils] - Filled element with selector: //*[@id='normal_login_password'] with text: abc12
[ERROR] 19-02-2025 22:32:58 [TestNG-PoolService-1] [LogUtils] - Failed to capture screenshot: Illegal char <:> at index 33: screenshots\setText_19/02/2025 22:32:58.png
[INFO] 19-02-2025 22:32:58 [TestNG-PoolService-1] [LogUtils] - Test info: Clicking element with selector: //button[@type='submit']/span
[INFO] 19-02-2025 22:32:58 [TestNG-PoolService-1] [LogUtils] - Clicked element with selector: //button[@type='submit']/span
[ERROR] 19-02-2025 22:32:58 [TestNG-PoolService-1] [LogUtils] - Failed to capture screenshot: Illegal char <:> at index 38: screenshots\clickElement_19/02/2025 22:32:58.png
[INFO] 19-02-2025 22:32:58 [TestNG-PoolService-1] [LogUtils] - Test case: loginWithInValidCredentials passed.
[INFO] 19-02-2025 22:32:58 [TestNG-PoolService-1] [LogUtils] - Screenshot captured and saved for: loginWithInValidCredentials
[INFO] 19-02-2025 22:32:59 [TestNG-PoolService-1] [LogUtils] - Screenshot added with status: Pass | Name: loginWithInValidCredentials - 1739984578936
[INFO] 19-02-2025 22:32:59 [TestNG-PoolService-1] [LogUtils] - Log message with status Pass: Test case: loginWithInValidCredentials passed.
[INFO] 19-02-2025 22:32:59 [TestNG-PoolService-1] [LogUtils] - Closing browser and cleaning up...
[INFO] 19-02-2025 22:32:59 [TestNG-PoolService-3] [LogUtils] - Clicked element with selector: //button[@type='submit']/span
[ERROR] 19-02-2025 22:32:59 [TestNG-PoolService-3] [LogUtils] - Failed to capture screenshot: Illegal char <:> at index 38: screenshots\clickElement_19/02/2025 22:32:59.png
[INFO] 19-02-2025 22:32:59 [TestNG-PoolService-3] [LogUtils] - Test case: loginWithInValidCredentials passed.
[INFO] 19-02-2025 22:32:59 [TestNG-PoolService-3] [LogUtils] - Screenshot captured and saved for: loginWithInValidCredentials
[INFO] 19-02-2025 22:32:59 [TestNG-PoolService-3] [LogUtils] - Screenshot added with status: Pass | Name: loginWithInValidCredentials - 1739984579434
[INFO] 19-02-2025 22:32:59 [TestNG-PoolService-3] [LogUtils] - Log message with status Pass: Test case: loginWithInValidCredentials passed.
[INFO] 19-02-2025 22:32:59 [TestNG-PoolService-3] [LogUtils] - Closing browser and cleaning up...
[INFO] 19-02-2025 22:33:00 [TestNG-PoolService-4] [LogUtils] - Clicked element with selector: //button[@type='submit']/span
[ERROR] 19-02-2025 22:33:00 [TestNG-PoolService-4] [LogUtils] - Failed to capture screenshot: Illegal char <:> at index 38: screenshots\clickElement_19/02/2025 22:33:00.png
[INFO] 19-02-2025 22:33:00 [TestNG-PoolService-4] [LogUtils] - Test case: loginWithInValidCredentials passed.
[INFO] 19-02-2025 22:33:00 [TestNG-PoolService-4] [LogUtils] - Screenshot captured and saved for: loginWithInValidCredentials
[INFO] 19-02-2025 22:33:00 [TestNG-PoolService-4] [LogUtils] - Screenshot added with status: Pass | Name: loginWithInValidCredentials - 1739984580168
[INFO] 19-02-2025 22:33:00 [TestNG-PoolService-4] [LogUtils] - Log message with status Pass: Test case: loginWithInValidCredentials passed.
[INFO] 19-02-2025 22:33:00 [TestNG-PoolService-4] [LogUtils] - Closing browser and cleaning up...
[INFO] 19-02-2025 22:33:02 [main] [LogUtils] - Creating Playwright instance using factory method...
[INFO] 19-02-2025 22:33:05 [main] [LogUtils] - Page instance created: com.microsoft.playwright.impl.PageImpl@1dac0784
[INFO] 19-02-2025 22:33:05 [main] [LogUtils] - Test case: urlTest is starting...
[INFO] 19-02-2025 22:33:05 [main] [LogUtils] - Created test: urlTest
[INFO] 19-02-2025 22:33:05 [main] [LogUtils] - Assigned default author: Gp
[INFO] 19-02-2025 22:33:05 [main] [LogUtils] - Assigned default category: REGRESSION
[INFO] 19-02-2025 22:33:05 [main] [LogUtils] - Assigned device info: CHROME
[INFO] 19-02-2025 22:33:05 [main] [LogUtils] - Test info: Windows 10
[INFO] 19-02-2025 22:33:05 [main] [LogUtils] - Navigating to URL: https://staging.withassured.com/sign-in
[INFO] 19-02-2025 22:33:05 [main] [LogUtils] - Test info: Navigating to URL: https://staging.withassured.com/sign-in
[ERROR] 19-02-2025 22:33:07 [main] [LogUtils] - Failed to capture screenshot: Illegal char <:> at index 34: screenshots\navigate_19/02/2025 22:33:07.png
[INFO] 19-02-2025 22:33:07 [main] [LogUtils] - Filling in email: 
[INFO] 19-02-2025 22:33:07 [main] [LogUtils] - Test info: Filling text into element with selector: //*[@id='normal_login_email'] | Value: abc@gmail.com
[INFO] 19-02-2025 22:33:07 [main] [LogUtils] - Filled element with selector: //*[@id='normal_login_email'] with text: abc@gmail.com
[ERROR] 19-02-2025 22:33:07 [main] [LogUtils] - Failed to capture screenshot: Illegal char <:> at index 33: screenshots\setText_19/02/2025 22:33:07.png
[INFO] 19-02-2025 22:33:07 [main] [LogUtils] - Filling in password.
[INFO] 19-02-2025 22:33:07 [main] [LogUtils] - Test info: Filling text into element with selector: //*[@id='normal_login_password'] | Value: abc
[INFO] 19-02-2025 22:33:07 [main] [LogUtils] - Filled element with selector: //*[@id='normal_login_password'] with text: abc
[ERROR] 19-02-2025 22:33:07 [main] [LogUtils] - Failed to capture screenshot: Illegal char <:> at index 33: screenshots\setText_19/02/2025 22:33:07.png
[INFO] 19-02-2025 22:33:15 [main] [LogUtils] - Test info: Retrieving mail URL for domain: private, mailbox: abc1
[INFO] 19-02-2025 22:33:15 [main] [LogUtils] - Requesting inbox for domain: private
[INFO] 19-02-2025 22:33:18 [main] [LogUtils] - Inbox received with 2 messages
[INFO] 19-02-2025 22:33:18 [main] [LogUtils] - Using latest message with id: abc1-1739950473-096790445903 and subject: Onboarding Invite
[WARN] 19-02-2025 22:33:18 [main] [LogUtils] - No URL found in subject. Trying links API for message id: abc1-1739950473-096790445903
[INFO] 19-02-2025 22:33:18 [main] [LogUtils] - Test info: No URL in subject, checking links API...
[INFO] 19-02-2025 22:33:18 [main] [LogUtils] - Retrieved URL from links API: https://u24054449.ct.sendgrid.net/ls/click?upn=u001.uKTWfX-2BO7Cb7TshAM6sZKbEPm9EMqm9C4ZEtr6uuLun9WzqgtnF82p3mwtRkl8l6kvdK8O79Pbe-2By3oL-2FOovgRLsrvxOzFcLWjUmVZHFMSYxo4pL31ysTAxDgWi-2Fwl0d0Jv6j8337M1PQbHn-2ByF47HgZDmSJNIFOvhKkd7IfvuM6znFEt-2FOISzGeIcttEy4-2BWTLn-2FgGZuh0Kac4oEb-2FZCXOr5CP5CSu9XgxaIH-2Bc-2Bm4-3D2Wh3_xLcdvdxf4Fza8LcvkLiN7T2R0LE0AEGF9w71ltIf1dxiZxztG-2F-2FFBy-2BaknjWuan3S1snGKvnNFWrh23JyDr48xvjv0dlzKjn1dUx-2Bjfe4ts5ag6-2BwzCnl-2FZ326a1ofJ8-2FiCsyQdtU-2FZmGwg-2FjtBdre5IY9Z9gsksZJ8r1Gj1L-2B3m4jaUdkHXbuq6yeCCyA6s8KpriBzD68H3qMsG8XvO2KY7zOIP-2BmqG3edPLLi-2FPh9Wcg4qm-2BmrKBikVjc9WAR0Z3qS9nt0nZUBb-2B4JIS1m1413YY97apufSEOOPaTeY0cfEu8AH5ioknwUlO4kqrMdORl3iS1-2F1-2FVVpR277A6VplRmMI-2F0jr3FqFwr-2B4Oi-2FQIazlEHpgTDqFv2kt91vpfCsArmQ7zANCgqo-2F-2FFwTKsdGdnAyXYV6vQ5SVTcN-2FIgasA3VV0iCIpU87NPimhbI-2B3fkSN9HpyykeAusTdKk62Vw-3D-3D
[INFO] 19-02-2025 22:33:18 [main] [LogUtils] - Test info: Mail invite URL retrieved from links API: https://u24054449.ct.sendgrid.net/ls/click?upn=u001.uKTWfX-2BO7Cb7TshAM6sZKbEPm9EMqm9C4ZEtr6uuLun9WzqgtnF82p3mwtRkl8l6kvdK8O79Pbe-2By3oL-2FOovgRLsrvxOzFcLWjUmVZHFMSYxo4pL31ysTAxDgWi-2Fwl0d0Jv6j8337M1PQbHn-2ByF47HgZDmSJNIFOvhKkd7IfvuM6znFEt-2FOISzGeIcttEy4-2BWTLn-2FgGZuh0Kac4oEb-2FZCXOr5CP5CSu9XgxaIH-2Bc-2Bm4-3D2Wh3_xLcdvdxf4Fza8LcvkLiN7T2R0LE0AEGF9w71ltIf1dxiZxztG-2F-2FFBy-2BaknjWuan3S1snGKvnNFWrh23JyDr48xvjv0dlzKjn1dUx-2Bjfe4ts5ag6-2BwzCnl-2FZ326a1ofJ8-2FiCsyQdtU-2FZmGwg-2FjtBdre5IY9Z9gsksZJ8r1Gj1L-2B3m4jaUdkHXbuq6yeCCyA6s8KpriBzD68H3qMsG8XvO2KY7zOIP-2BmqG3edPLLi-2FPh9Wcg4qm-2BmrKBikVjc9WAR0Z3qS9nt0nZUBb-2B4JIS1m1413YY97apufSEOOPaTeY0cfEu8AH5ioknwUlO4kqrMdORl3iS1-2F1-2FVVpR277A6VplRmMI-2F0jr3FqFwr-2B4Oi-2FQIazlEHpgTDqFv2kt91vpfCsArmQ7zANCgqo-2F-2FFwTKsdGdnAyXYV6vQ5SVTcN-2FIgasA3VV0iCIpU87NPimhbI-2B3fkSN9HpyykeAusTdKk62Vw-3D-3D
[INFO] 19-02-2025 22:33:18 [main] [LogUtils] - Test info: Opening a new browser instance to perform additional actions
[INFO] 19-02-2025 22:33:22 [main] [LogUtils] - Opened new browser instance for additional actions.
[ERROR] 19-02-2025 22:33:22 [main] [LogUtils] - Failed to capture screenshot: Illegal char <:> at index 42: screenshots\newBrowserOpened_19/02/2025 22:33:22.png
[INFO] 19-02-2025 22:33:22 [main] [LogUtils] - Navigating to URL: https://u24054449.ct.sendgrid.net/ls/click?upn=u001.uKTWfX-2BO7Cb7TshAM6sZKbEPm9EMqm9C4ZEtr6uuLun9WzqgtnF82p3mwtRkl8l6kvdK8O79Pbe-2By3oL-2FOovgRLsrvxOzFcLWjUmVZHFMSYxo4pL31ysTAxDgWi-2Fwl0d0Jv6j8337M1PQbHn-2ByF47HgZDmSJNIFOvhKkd7IfvuM6znFEt-2FOISzGeIcttEy4-2BWTLn-2FgGZuh0Kac4oEb-2FZCXOr5CP5CSu9XgxaIH-2Bc-2Bm4-3D2Wh3_xLcdvdxf4Fza8LcvkLiN7T2R0LE0AEGF9w71ltIf1dxiZxztG-2F-2FFBy-2BaknjWuan3S1snGKvnNFWrh23JyDr48xvjv0dlzKjn1dUx-2Bjfe4ts5ag6-2BwzCnl-2FZ326a1ofJ8-2FiCsyQdtU-2FZmGwg-2FjtBdre5IY9Z9gsksZJ8r1Gj1L-2B3m4jaUdkHXbuq6yeCCyA6s8KpriBzD68H3qMsG8XvO2KY7zOIP-2BmqG3edPLLi-2FPh9Wcg4qm-2BmrKBikVjc9WAR0Z3qS9nt0nZUBb-2B4JIS1m1413YY97apufSEOOPaTeY0cfEu8AH5ioknwUlO4kqrMdORl3iS1-2F1-2FVVpR277A6VplRmMI-2F0jr3FqFwr-2B4Oi-2FQIazlEHpgTDqFv2kt91vpfCsArmQ7zANCgqo-2F-2FFwTKsdGdnAyXYV6vQ5SVTcN-2FIgasA3VV0iCIpU87NPimhbI-2B3fkSN9HpyykeAusTdKk62Vw-3D-3D
[INFO] 19-02-2025 22:33:22 [main] [LogUtils] - Test info: Navigating to URL: https://u24054449.ct.sendgrid.net/ls/click?upn=u001.uKTWfX-2BO7Cb7TshAM6sZKbEPm9EMqm9C4ZEtr6uuLun9WzqgtnF82p3mwtRkl8l6kvdK8O79Pbe-2By3oL-2FOovgRLsrvxOzFcLWjUmVZHFMSYxo4pL31ysTAxDgWi-2Fwl0d0Jv6j8337M1PQbHn-2ByF47HgZDmSJNIFOvhKkd7IfvuM6znFEt-2FOISzGeIcttEy4-2BWTLn-2FgGZuh0Kac4oEb-2FZCXOr5CP5CSu9XgxaIH-2Bc-2Bm4-3D2Wh3_xLcdvdxf4Fza8LcvkLiN7T2R0LE0AEGF9w71ltIf1dxiZxztG-2F-2FFBy-2BaknjWuan3S1snGKvnNFWrh23JyDr48xvjv0dlzKjn1dUx-2Bjfe4ts5ag6-2BwzCnl-2FZ326a1ofJ8-2FiCsyQdtU-2FZmGwg-2FjtBdre5IY9Z9gsksZJ8r1Gj1L-2B3m4jaUdkHXbuq6yeCCyA6s8KpriBzD68H3qMsG8XvO2KY7zOIP-2BmqG3edPLLi-2FPh9Wcg4qm-2BmrKBikVjc9WAR0Z3qS9nt0nZUBb-2B4JIS1m1413YY97apufSEOOPaTeY0cfEu8AH5ioknwUlO4kqrMdORl3iS1-2F1-2FVVpR277A6VplRmMI-2F0jr3FqFwr-2B4Oi-2FQIazlEHpgTDqFv2kt91vpfCsArmQ7zANCgqo-2F-2FFwTKsdGdnAyXYV6vQ5SVTcN-2FIgasA3VV0iCIpU87NPimhbI-2B3fkSN9HpyykeAusTdKk62Vw-3D-3D
[ERROR] 19-02-2025 22:33:25 [main] [LogUtils] - Failed to capture screenshot: Illegal char <:> at index 34: screenshots\navigate_19/02/2025 22:33:25.png
[INFO] 19-02-2025 22:33:25 [main] [LogUtils] - Test info: Filling text into element with selector: #createProviderAccountForm_password | Value: 123456
[INFO] 19-02-2025 22:33:25 [main] [LogUtils] - Filled element with selector: #createProviderAccountForm_password with text: 123456
[ERROR] 19-02-2025 22:33:25 [main] [LogUtils] - Failed to capture screenshot: Illegal char <:> at index 33: screenshots\setText_19/02/2025 22:33:25.png
[INFO] 19-02-2025 22:33:25 [main] [LogUtils] - Test info: Filling text into element with selector: #createProviderAccountForm_confirmPassword | Value: 123456
[INFO] 19-02-2025 22:33:26 [main] [LogUtils] - Filled element with selector: #createProviderAccountForm_confirmPassword with text: 123456
[ERROR] 19-02-2025 22:33:26 [main] [LogUtils] - Failed to capture screenshot: Illegal char <:> at index 33: screenshots\setText_19/02/2025 22:33:26.png
[INFO] 19-02-2025 22:33:26 [main] [LogUtils] - Test info: Clicking element with selector: //*[@id="createProviderAccountForm"]/button
[INFO] 19-02-2025 22:33:26 [main] [LogUtils] - Clicked element with selector: //*[@id="createProviderAccountForm"]/button
[ERROR] 19-02-2025 22:33:26 [main] [LogUtils] - Failed to capture screenshot: Illegal char <:> at index 38: screenshots\clickElement_19/02/2025 22:33:26.png
[ERROR] 19-02-2025 22:33:34 [main] [LogUtils] - Failed to capture screenshot: Illegal char <:> at index 54: screenshots\actionsPerformedInNewBrowser_19/02/2025 22:33:34.png
[INFO] 19-02-2025 22:33:35 [main] [LogUtils] - Returned to original browser instance.
[INFO] 19-02-2025 22:33:35 [main] [LogUtils] - Test info: Returned to original browser instance.
[ERROR] 19-02-2025 22:33:35 [main] [LogUtils] - Failed to capture screenshot: Illegal char <:> at index 51: screenshots\returnedToOriginalBrowser_19/02/2025 22:33:35.png
[INFO] 19-02-2025 22:33:43 [main] [LogUtils] - Test case: urlTest passed.
[INFO] 19-02-2025 22:33:43 [main] [LogUtils] - Screenshot captured and saved for: urlTest
[INFO] 19-02-2025 22:33:43 [main] [LogUtils] - Screenshot added with status: Pass | Name: urlTest - 1739984623228
[INFO] 19-02-2025 22:33:43 [main] [LogUtils] - Log message with status Pass: Test case: urlTest passed.
[INFO] 19-02-2025 22:33:43 [main] [LogUtils] - Closing browser and cleaning up...
[INFO] 19-02-2025 22:33:43 [main] [LogUtils] - ********** RUN FINISHED **********
[INFO] 19-02-2025 22:33:43 [main] [LogUtils] - =====> Ending Suite: Regression Tests 
[INFO] 19-02-2025 22:33:44 [main] [LogUtils] - ********** RUN STARTED **********
[INFO] 19-02-2025 22:33:44 [main] [LogUtils] - ========= INSTALLING CONFIGURATION DATA =========
[INFO] 19-02-2025 22:33:44 [main] [LogUtils] - Warning !! Can not Load All File.
[INFO] 19-02-2025 22:33:44 [main] [LogUtils] - ========= CONFIGURATION DATA INSTALLED =========
[INFO] 19-02-2025 22:33:44 [main] [LogUtils] - =====> Starting Suite: Regression Test1
[INFO] 19-02-2025 22:33:44 [main] [LogUtils] - ********** RUN FINISHED **********
[INFO] 19-02-2025 22:33:44 [main] [LogUtils] - =====> Ending Suite: Regression Test1
